[{"model": "auth.permission", "pk": 1, "fields": {"name": "Can add log entry", "content_type": 1, "codename": "add_logentry"}}, {"model": "auth.permission", "pk": 2, "fields": {"name": "Can change log entry", "content_type": 1, "codename": "change_logentry"}}, {"model": "auth.permission", "pk": 3, "fields": {"name": "Can delete log entry", "content_type": 1, "codename": "delete_logentry"}}, {"model": "auth.permission", "pk": 4, "fields": {"name": "Can view log entry", "content_type": 1, "codename": "view_logentry"}}, {"model": "auth.permission", "pk": 5, "fields": {"name": "Can add permission", "content_type": 2, "codename": "add_permission"}}, {"model": "auth.permission", "pk": 6, "fields": {"name": "Can change permission", "content_type": 2, "codename": "change_permission"}}, {"model": "auth.permission", "pk": 7, "fields": {"name": "Can delete permission", "content_type": 2, "codename": "delete_permission"}}, {"model": "auth.permission", "pk": 8, "fields": {"name": "Can view permission", "content_type": 2, "codename": "view_permission"}}, {"model": "auth.permission", "pk": 9, "fields": {"name": "Can add group", "content_type": 3, "codename": "add_group"}}, {"model": "auth.permission", "pk": 10, "fields": {"name": "Can change group", "content_type": 3, "codename": "change_group"}}, {"model": "auth.permission", "pk": 11, "fields": {"name": "Can delete group", "content_type": 3, "codename": "delete_group"}}, {"model": "auth.permission", "pk": 12, "fields": {"name": "Can view group", "content_type": 3, "codename": "view_group"}}, {"model": "auth.permission", "pk": 13, "fields": {"name": "Can add content type", "content_type": 4, "codename": "add_contenttype"}}, {"model": "auth.permission", "pk": 14, "fields": {"name": "Can change content type", "content_type": 4, "codename": "change_contenttype"}}, {"model": "auth.permission", "pk": 15, "fields": {"name": "Can delete content type", "content_type": 4, "codename": "delete_contenttype"}}, {"model": "auth.permission", "pk": 16, "fields": {"name": "Can view content type", "content_type": 4, "codename": "view_contenttype"}}, {"model": "auth.permission", "pk": 17, "fields": {"name": "Can add session", "content_type": 5, "codename": "add_session"}}, {"model": "auth.permission", "pk": 18, "fields": {"name": "Can change session", "content_type": 5, "codename": "change_session"}}, {"model": "auth.permission", "pk": 19, "fields": {"name": "Can delete session", "content_type": 5, "codename": "delete_session"}}, {"model": "auth.permission", "pk": 20, "fields": {"name": "Can view session", "content_type": 5, "codename": "view_session"}}, {"model": "auth.permission", "pk": 21, "fields": {"name": "Can add User", "content_type": 6, "codename": "add_user"}}, {"model": "auth.permission", "pk": 22, "fields": {"name": "Can change User", "content_type": 6, "codename": "change_user"}}, {"model": "auth.permission", "pk": 23, "fields": {"name": "Can delete User", "content_type": 6, "codename": "delete_user"}}, {"model": "auth.permission", "pk": 24, "fields": {"name": "Can view User", "content_type": 6, "codename": "view_user"}}, {"model": "auth.permission", "pk": 25, "fields": {"name": "Can add Offer", "content_type": 7, "codename": "add_offer"}}, {"model": "auth.permission", "pk": 26, "fields": {"name": "Can change Offer", "content_type": 7, "codename": "change_offer"}}, {"model": "auth.permission", "pk": 27, "fields": {"name": "Can delete Offer", "content_type": 7, "codename": "delete_offer"}}, {"model": "auth.permission", "pk": 28, "fields": {"name": "Can view Offer", "content_type": 7, "codename": "view_offer"}}, {"model": "auth.permission", "pk": 29, "fields": {"name": "Can add Tack", "content_type": 8, "codename": "add_tack"}}, {"model": "auth.permission", "pk": 30, "fields": {"name": "Can change Tack", "content_type": 8, "codename": "change_tack"}}, {"model": "auth.permission", "pk": 31, "fields": {"name": "Can delete Tack", "content_type": 8, "codename": "delete_tack"}}, {"model": "auth.permission", "pk": 32, "fields": {"name": "Can view Tack", "content_type": 8, "codename": "view_tack"}}, {"model": "auth.permission", "pk": 33, "fields": {"name": "Can add Review", "content_type": 9, "codename": "add_review"}}, {"model": "auth.permission", "pk": 34, "fields": {"name": "Can change Review", "content_type": 9, "codename": "change_review"}}, {"model": "auth.permission", "pk": 35, "fields": {"name": "Can delete Review", "content_type": 9, "codename": "delete_review"}}, {"model": "auth.permission", "pk": 36, "fields": {"name": "Can view Review", "content_type": 9, "codename": "view_review"}}, {"model": "auth.permission", "pk": 37, "fields": {"name": "Can add Group", "content_type": 10, "codename": "add_group"}}, {"model": "auth.permission", "pk": 38, "fields": {"name": "Can change Group", "content_type": 10, "codename": "change_group"}}, {"model": "auth.permission", "pk": 39, "fields": {"name": "Can delete Group", "content_type": 10, "codename": "delete_group"}}, {"model": "auth.permission", "pk": 40, "fields": {"name": "Can view Group", "content_type": 10, "codename": "view_group"}}, {"model": "auth.permission", "pk": 41, "fields": {"name": "Can add Group invitation", "content_type": 11, "codename": "add_groupinvitations"}}, {"model": "auth.permission", "pk": 42, "fields": {"name": "Can change Group invitation", "content_type": 11, "codename": "change_groupinvitations"}}, {"model": "auth.permission", "pk": 43, "fields": {"name": "Can delete Group invitation", "content_type": 11, "codename": "delete_groupinvitations"}}, {"model": "auth.permission", "pk": 44, "fields": {"name": "Can view Group invitation", "content_type": 11, "codename": "view_groupinvitations"}}, {"model": "auth.permission", "pk": 45, "fields": {"name": "Can add Group membership", "content_type": 12, "codename": "add_groupmembers"}}, {"model": "auth.permission", "pk": 46, "fields": {"name": "Can change Group membership", "content_type": 12, "codename": "change_groupmembers"}}, {"model": "auth.permission", "pk": 47, "fields": {"name": "Can delete Group membership", "content_type": 12, "codename": "delete_groupmembers"}}, {"model": "auth.permission", "pk": 48, "fields": {"name": "Can view Group membership", "content_type": 12, "codename": "view_groupmembers"}}, {"model": "auth.permission", "pk": 49, "fields": {"name": "Can add Group Tack", "content_type": 13, "codename": "add_grouptacks"}}, {"model": "auth.permission", "pk": 50, "fields": {"name": "Can change Group Tack", "content_type": 13, "codename": "change_grouptacks"}}, {"model": "auth.permission", "pk": 51, "fields": {"name": "Can delete Group Tack", "content_type": 13, "codename": "delete_grouptacks"}}, {"model": "auth.permission", "pk": 52, "fields": {"name": "Can view Group Tack", "content_type": 13, "codename": "view_grouptacks"}}, {"model": "auth.permission", "pk": 53, "fields": {"name": "Can add Group mute", "content_type": 14, "codename": "add_groupmutes"}}, {"model": "auth.permission", "pk": 54, "fields": {"name": "Can change Group mute", "content_type": 14, "codename": "change_groupmutes"}}, {"model": "auth.permission", "pk": 55, "fields": {"name": "Can delete Group mute", "content_type": 14, "codename": "delete_groupmutes"}}, {"model": "auth.permission", "pk": 56, "fields": {"name": "Can view Group mute", "content_type": 14, "codename": "view_groupmutes"}}, {"model": "auth.permission", "pk": 57, "fields": {"name": "Can add Verification", "content_type": 15, "codename": "add_phoneverification"}}, {"model": "auth.permission", "pk": 58, "fields": {"name": "Can change Verification", "content_type": 15, "codename": "change_phoneverification"}}, {"model": "auth.permission", "pk": 59, "fields": {"name": "Can delete Verification", "content_type": 15, "codename": "delete_phoneverification"}}, {"model": "auth.permission", "pk": 60, "fields": {"name": "Can view Verification", "content_type": 15, "codename": "view_phoneverification"}}, {"model": "auth.permission", "pk": 61, "fields": {"name": "Can add Bank Account", "content_type": 16, "codename": "add_bankaccount"}}, {"model": "auth.permission", "pk": 62, "fields": {"name": "Can change Bank Account", "content_type": 16, "codename": "change_bankaccount"}}, {"model": "auth.permission", "pk": 63, "fields": {"name": "Can delete Bank Account", "content_type": 16, "codename": "delete_bankaccount"}}, {"model": "auth.permission", "pk": 64, "fields": {"name": "Can view Bank Account", "content_type": 16, "codename": "view_bankaccount"}}, {"model": "auth.permission", "pk": 65, "fields": {"name": "Can add Payment method", "content_type": 17, "codename": "add_userpaymentmethods"}}, {"model": "auth.permission", "pk": 66, "fields": {"name": "Can change Payment method", "content_type": 17, "codename": "change_userpaymentmethods"}}, {"model": "auth.permission", "pk": 67, "fields": {"name": "Can delete Payment method", "content_type": 17, "codename": "delete_userpaymentmethods"}}, {"model": "auth.permission", "pk": 68, "fields": {"name": "Can view Payment method", "content_type": 17, "codename": "view_userpaymentmethods"}}, {"model": "auth.permission", "pk": 69, "fields": {"name": "Can add blacklisted token", "content_type": 18, "codename": "add_blacklistedtoken"}}, {"model": "auth.permission", "pk": 70, "fields": {"name": "Can change blacklisted token", "content_type": 18, "codename": "change_blacklistedtoken"}}, {"model": "auth.permission", "pk": 71, "fields": {"name": "Can delete blacklisted token", "content_type": 18, "codename": "delete_blacklistedtoken"}}, {"model": "auth.permission", "pk": 72, "fields": {"name": "Can view blacklisted token", "content_type": 18, "codename": "view_blacklistedtoken"}}, {"model": "auth.permission", "pk": 73, "fields": {"name": "Can add outstanding token", "content_type": 19, "codename": "add_outstandingtoken"}}, {"model": "auth.permission", "pk": 74, "fields": {"name": "Can change outstanding token", "content_type": 19, "codename": "change_outstandingtoken"}}, {"model": "auth.permission", "pk": 75, "fields": {"name": "Can delete outstanding token", "content_type": 19, "codename": "delete_outstandingtoken"}}, {"model": "auth.permission", "pk": 76, "fields": {"name": "Can view outstanding token", "content_type": 19, "codename": "view_outstandingtoken"}}, {"model": "contenttypes.contenttype", "pk": 1, "fields": {"app_label": "admin", "model": "logentry"}}, {"model": "contenttypes.contenttype", "pk": 2, "fields": {"app_label": "auth", "model": "permission"}}, {"model": "contenttypes.contenttype", "pk": 3, "fields": {"app_label": "auth", "model": "group"}}, {"model": "contenttypes.contenttype", "pk": 4, "fields": {"app_label": "contenttypes", "model": "contenttype"}}, {"model": "contenttypes.contenttype", "pk": 5, "fields": {"app_label": "sessions", "model": "session"}}, {"model": "contenttypes.contenttype", "pk": 6, "fields": {"app_label": "user", "model": "user"}}, {"model": "contenttypes.contenttype", "pk": 7, "fields": {"app_label": "tack", "model": "offer"}}, {"model": "contenttypes.contenttype", "pk": 8, "fields": {"app_label": "tack", "model": "tack"}}, {"model": "contenttypes.contenttype", "pk": 9, "fields": {"app_label": "review", "model": "review"}}, {"model": "contenttypes.contenttype", "pk": 10, "fields": {"app_label": "group", "model": "group"}}, {"model": "contenttypes.contenttype", "pk": 11, "fields": {"app_label": "group", "model": "groupinvitations"}}, {"model": "contenttypes.contenttype", "pk": 12, "fields": {"app_label": "group", "model": "groupmembers"}}, {"model": "contenttypes.contenttype", "pk": 13, "fields": {"app_label": "group", "model": "grouptacks"}}, {"model": "contenttypes.contenttype", "pk": 14, "fields": {"app_label": "group", "model": "groupmutes"}}, {"model": "contenttypes.contenttype", "pk": 15, "fields": {"app_label": "socials", "model": "phoneverification"}}, {"model": "contenttypes.contenttype", "pk": 16, "fields": {"app_label": "payment", "model": "bankaccount"}}, {"model": "contenttypes.contenttype", "pk": 17, "fields": {"app_label": "payment", "model": "userpaymentmethods"}}, {"model": "contenttypes.contenttype", "pk": 18, "fields": {"app_label": "token_blacklist", "model": "blacklistedtoken"}}, {"model": "contenttypes.contenttype", "pk": 19, "fields": {"app_label": "token_blacklist", "model": "outstandingtoken"}}, {"model": "user.user", "pk": 1, "fields": {"last_login": null, "is_superuser": false, "is_staff": false, "is_active": true, "date_joined": "2022-08-03T07:45:42.600Z", "username": "belindajones", "password": "pbkdf2_sha256$320000$QaY1JbJ9aQZJKNZ4MR0JUb$pRpUrYXsp5BMSHEIib0R5z+04OrU/Ec4tYNmuUdAmKs=", "profile_picture": "", "first_name": "Ricky", "last_name": "Fletcher", "phone_number": "+6753128095", "birthday": "1998-01-26", "active_group": null, "tacks_rating": "0.00", "tacks_amount": 0, "email": "olsenkevin@example.net", "groups": [], "user_permissions": []}}, {"model": "user.user", "pk": 2, "fields": {"last_login": null, "is_superuser": false, "is_staff": false, "is_active": true, "date_joined": "2022-08-03T07:45:43.859Z", "username": "thomas03", "password": "pbkdf2_sha256$320000$vZSfFtGPgyrjz7OtEOskoe$xnFJ+AEqn01lOnG83gFJDbuNOY/RWkh2iNhYhfBqfg4=", "profile_picture": "", "first_name": "Catherine", "last_name": "Wright", "phone_number": "+18665211217", "birthday": "2001-10-02", "active_group": null, "tacks_rating": "0.00", "tacks_amount": 0, "email": "sblack@example.org", "groups": [], "user_permissions": []}}, {"model": "user.user", "pk": 3, "fields": {"last_login": null, "is_superuser": false, "is_staff": false, "is_active": true, "date_joined": "2022-08-03T07:45:44.532Z", "username": "rsmith", "password": "pbkdf2_sha256$320000$TgDNvfTsKDPpJD2Q1qrK6D$9UBEnq0Ii6Br2xTJztbNnFrcyKImkBz8bj8J2H8/VXE=", "profile_picture": "", "first_name": "Brian", "last_name": "Murphy", "phone_number": "+2315149925", "birthday": "1985-12-25", "active_group": null, "tacks_rating": "0.00", "tacks_amount": 0, "email": "yjones@example.net", "groups": [], "user_permissions": []}}, {"model": "user.user", "pk": 4, "fields": {"last_login": null, "is_superuser": false, "is_staff": false, "is_active": true, "date_joined": "2022-08-03T07:45:45.260Z", "username": "michael60", "password": "pbkdf2_sha256$320000$J5bgYYWkrvu0zSrx1K8bRd$7o4Kb5g/qqY6pBpjkWP4lq2FB79Y0XIUqIUQLYfEEos=", "profile_picture": "", "first_name": "Matthew", "last_name": "Gordon", "phone_number": "+68627404", "birthday": "1950-04-14", "active_group": null, "tacks_rating": "0.00", "tacks_amount": 0, "email": "harrisdavid@example.org", "groups": [], "user_permissions": []}}, {"model": "user.user", "pk": 5, "fields": {"last_login": null, "is_superuser": false, "is_staff": false, "is_active": true, "date_joined": "2022-08-03T07:45:46.304Z", "username": "rochaamanda", "password": "pbkdf2_sha256$320000$n2xHpJEBPIO9JLw1kjsRqB$b0N6Hnyj1/ficvNJ/yY86RXrTnNScya4oxhoqHeFJR0=", "profile_picture": "", "first_name": "Nicholas", "last_name": "Evans", "phone_number": "+264813117297", "birthday": "1975-02-03", "active_group": null, "tacks_rating": "0.00", "tacks_amount": 0, "email": "gordonian@example.net", "groups": [], "user_permissions": []}}, {"model": "user.user", "pk": 6, "fields": {"last_login": null, "is_superuser": false, "is_staff": false, "is_active": true, "date_joined": "2022-08-03T07:45:46.999Z", "username": "jcole", "password": "pbkdf2_sha256$320000$59xjmJhF5CYHQEq0UXSYyA$McSPVgyFZObX4kF9Xx6t6VPm1G2hyoEJpbIhCJs51xk=", "profile_picture": "", "first_name": "Stefanie", "last_name": "Wolf", "phone_number": "+256470774823", "birthday": "1990-08-14", "active_group": null, "tacks_rating": "0.00", "tacks_amount": 0, "email": "franciscobonilla@example.com", "groups": [], "user_permissions": []}}, {"model": "user.user", "pk": 7, "fields": {"last_login": null, "is_superuser": false, "is_staff": false, "is_active": true, "date_joined": "2022-08-03T07:45:47.716Z", "username": "henry23", "password": "pbkdf2_sha256$320000$bVRtkq4BQWJg733niej460$uGHOIEulJf43vZrQCSxw7CdqtjQo9bZXLp2/kOcbHGU=", "profile_picture": "", "first_name": "Mary", "last_name": "Sharp", "phone_number": "+97332245169", "birthday": "1974-11-27", "active_group": null, "tacks_rating": "0.00", "tacks_amount": 0, "email": "sabrinablankenship@example.org", "groups": [], "user_permissions": []}}, {"model": "user.user", "pk": 8, "fields": {"last_login": null, "is_superuser": false, "is_staff": false, "is_active": true, "date_joined": "2022-08-03T07:45:48.386Z", "username": "fperry", "password": "pbkdf2_sha256$320000$U0uWbmCWOC8lrfxjLRSCLW$WmIEPtmXSaelU35wSFtxtvtaHT493VcFSdOU4iQOB8Y=", "profile_picture": "", "first_name": "Margaret", "last_name": "Thompson", "phone_number": "+41446071299", "birthday": "1953-12-15", "active_group": null, "tacks_rating": "0.00", "tacks_amount": 0, "email": "lauragardner@example.org", "groups": [], "user_permissions": []}}, {"model": "user.user", "pk": 9, "fields": {"last_login": null, "is_superuser": false, "is_staff": false, "is_active": true, "date_joined": "2022-08-03T07:45:49.032Z", "username": "lstewart", "password": "pbkdf2_sha256$320000$VYDVp2st2QS1UdyeOhStJY$JxvIFDpJL0qqn1hmMBhejheaSomA59Ym6jsnT0Dxnq0=", "profile_picture": "", "first_name": "Christopher", "last_name": "Romero", "phone_number": "+3727511641", "birthday": "1993-09-03", "active_group": null, "tacks_rating": "0.00", "tacks_amount": 0, "email": "changann@example.org", "groups": [], "user_permissions": []}}, {"model": "user.user", "pk": 10, "fields": {"last_login": null, "is_superuser": false, "is_staff": false, "is_active": true, "date_joined": "2022-08-03T07:45:49.763Z", "username": "ifarrell", "password": "pbkdf2_sha256$320000$3GPgyShIaSOfvWnz8ro215$TUCAFHfhdc64/MvObtz0J96V5MzzsjuUZcihSVtvXFg=", "profile_picture": "", "first_name": "Tyler", "last_name": "West", "phone_number": "+35228325499", "birthday": "1990-06-29", "active_group": null, "tacks_rating": "0.00", "tacks_amount": 0, "email": "ortegarobert@example.com", "groups": [], "user_permissions": []}}, {"model": "user.user", "pk": 11, "fields": {"last_login": null, "is_superuser": false, "is_staff": false, "is_active": true, "date_joined": "2022-08-03T07:45:50.477Z", "username": "jamesvalencia", "password": "pbkdf2_sha256$320000$lR1JoieJDp5veWiuVmoW1q$MwDj6L5ABYz2aASTpVOx81CArySdAI/3hCKVXRuSY1o=", "profile_picture": "", "first_name": "Thomas", "last_name": "Wright", "phone_number": "+245951927056", "birthday": "1962-10-27", "active_group": null, "tacks_rating": "0.00", "tacks_amount": 0, "email": "hannahdaniels@example.com", "groups": [], "user_permissions": []}}, {"model": "user.user", "pk": 12, "fields": {"last_login": null, "is_superuser": false, "is_staff": false, "is_active": true, "date_joined": "2022-08-03T07:45:51.200Z", "username": "dana58", "password": "pbkdf2_sha256$320000$EirDLT3JdCBgxG245I8TMt$1LjoKEnAfPBPStXxf2UgG9sBNn9cfD8mxU+zRnX0Yew=", "profile_picture": "", "first_name": "Nicole", "last_name": "Hill", "phone_number": "+688905299", "birthday": "1983-09-27", "active_group": null, "tacks_rating": "0.00", "tacks_amount": 0, "email": "jessicamoore@example.org", "groups": [], "user_permissions": []}}, {"model": "user.user", "pk": 13, "fields": {"last_login": null, "is_superuser": false, "is_staff": false, "is_active": true, "date_joined": "2022-08-03T07:45:51.958Z", "username": "kellyallen", "password": "pbkdf2_sha256$320000$aIeNSa4nIfaSOfU2CcOA2h$DjAwXE3wAGjGu8iBzfu4jmFc8pPn03HTHUqgK6tnEFA=", "profile_picture": "", "first_name": "Cindy", "last_name": "Cole", "phone_number": "+6838889463", "birthday": "1999-07-21", "active_group": null, "tacks_rating": "0.00", "tacks_amount": 0, "email": "jeremy06@example.org", "groups": [], "user_permissions": []}}, {"model": "user.user", "pk": 14, "fields": {"last_login": null, "is_superuser": false, "is_staff": false, "is_active": true, "date_joined": "2022-08-03T07:45:52.735Z", "username": "idavis", "password": "pbkdf2_sha256$320000$OI6dFgnRrZyTbh5GG5KeUo$L2KggQymlr5l/rT41zcw6hX5j0go9P19SnUS438qY9I=", "profile_picture": "", "first_name": "Sarah", "last_name": "Graham", "phone_number": "+35722202260", "birthday": "1992-07-30", "active_group": null, "tacks_rating": "0.00", "tacks_amount": 0, "email": "chadkeller@example.org", "groups": [], "user_permissions": []}}, {"model": "user.user", "pk": 15, "fields": {"last_login": null, "is_superuser": false, "is_staff": false, "is_active": true, "date_joined": "2022-08-03T07:45:53.467Z", "username": "sthompson", "password": "pbkdf2_sha256$320000$0JQHNStQFjZ38eqZsCZjci$OuVycrWBsSiat3Gd9RF7+ineplvTtBcFwzJPoNvbCIw=", "profile_picture": "", "first_name": "Harold", "last_name": "Mendez", "phone_number": "+19183750389", "birthday": "2000-08-20", "active_group": null, "tacks_rating": "0.00", "tacks_amount": 0, "email": "jayprice@example.org", "groups": [], "user_permissions": []}}, {"model": "user.user", "pk": 16, "fields": {"last_login": null, "is_superuser": false, "is_staff": false, "is_active": true, "date_joined": "2022-08-03T07:45:54.169Z", "username": "keithwalker", "password": "pbkdf2_sha256$320000$hU7Mhjf0KaQ1lDjuC8sxxt$WVayW7ha9xi5x88t4ctLEbYXO/kIYsvAp76Kh2JDgAk=", "profile_picture": "", "first_name": "Patricia", "last_name": "Atkins", "phone_number": "+6594218012", "birthday": "1951-10-26", "active_group": null, "tacks_rating": "0.00", "tacks_amount": 0, "email": "hollyhall@example.net", "groups": [], "user_permissions": []}}, {"model": "user.user", "pk": 17, "fields": {"last_login": null, "is_superuser": false, "is_staff": false, "is_active": true, "date_joined": "2022-08-03T07:45:54.887Z", "username": "uwhite", "password": "pbkdf2_sha256$320000$z9E7twaB9bTVApZlAABEvD$B3deCjDauPkKnsuu3Kzijbr1jtXVP7WT71pfMzGkg1o=", "profile_picture": "", "first_name": "Patricia", "last_name": "Hoffman", "phone_number": "+17056327666", "birthday": "1992-02-17", "active_group": null, "tacks_rating": "0.00", "tacks_amount": 0, "email": "wjohnson@example.net", "groups": [], "user_permissions": []}}, {"model": "user.user", "pk": 18, "fields": {"last_login": null, "is_superuser": false, "is_staff": false, "is_active": true, "date_joined": "2022-08-03T07:45:55.522Z", "username": "vgarrett", "password": "pbkdf2_sha256$320000$RswDh3c7JZHRc1hjSx63rU$tMijWlFJnjeb3F/hf/zMhpi22RO710jHLR4N7s2+OWs=", "profile_picture": "", "first_name": "Dustin", "last_name": "Smith", "phone_number": "+260960810444", "birthday": "1986-03-23", "active_group": null, "tacks_rating": "0.00", "tacks_amount": 0, "email": "sandralawson@example.org", "groups": [], "user_permissions": []}}, {"model": "user.user", "pk": 19, "fields": {"last_login": null, "is_superuser": false, "is_staff": false, "is_active": true, "date_joined": "2022-08-03T07:45:56.415Z", "username": "kathrynphelps", "password": "pbkdf2_sha256$320000$BKYdwUD5XxFBjl9olnrYsG$r6HQWg+fO/SIl3gahFaps/cWkUkd5ZWKEkcpr9zSJoU=", "profile_picture": "", "first_name": "Micheal", "last_name": "King", "phone_number": "+254692663851", "birthday": "1988-09-05", "active_group": null, "tacks_rating": "0.00", "tacks_amount": 0, "email": "timothyhopkins@example.com", "groups": [], "user_permissions": []}}, {"model": "user.user", "pk": 20, "fields": {"last_login": "2022-08-03T08:19:00.753Z", "is_superuser": false, "is_staff": false, "is_active": true, "date_joined": "2022-08-03T07:45:57.325Z", "username": "valentinejohn", "password": "pbkdf2_sha256$320000$neLXweB3SvUnxPjptuvaG4$/XMvUY1zbt6raVfwwtrQ9Lf8iguwDkM0HyPqwJrElS0=", "profile_picture": "", "first_name": "Robert", "last_name": "Hurley", "phone_number": "+590590134730", "birthday": "1992-02-09", "active_group": null, "tacks_rating": "0.00", "tacks_amount": 0, "email": "kent11@example.org", "groups": [], "user_permissions": []}}, {"model": "user.user", "pk": 21, "fields": {"last_login": null, "is_superuser": true, "is_staff": true, "is_active": true, "date_joined": "2022-08-03T08:21:37.962Z", "username": "", "password": "pbkdf2_sha256$320000$dTNXKdlwjv2vHXEaYLi9mv$uVAlan6MFdfGHqT0ky5O79CyXD+vWffzYo8RpQhrSx0=", "profile_picture": "", "first_name": "", "last_name": "", "phone_number": "+375291111111", "birthday": null, "active_group": null, "tacks_rating": "0.00", "tacks_amount": 0, "email": null, "groups": [], "user_permissions": []}}, {"model": "tack.tack", "pk": 1, "fields": {"tacker": 3, "runner": null, "title": "Half life story I according.", "type": "groups", "price": 48354, "group": 1, "description": "Shoulder anything street.", "creation_time": "2022-08-03T07:45:57.978Z", "allow_counter_offer": false, "status": "created", "is_paid": false, "completion_message": null, "completion_time": null, "estimation_time_seconds": 4380}}, {"model": "tack.tack", "pk": 2, "fields": {"tacker": 14, "runner": null, "title": "Either worker knowledge feel.", "type": "groups", "price": 7651, "group": 1, "description": "Per price commercial improve sort American.", "creation_time": "2022-08-03T07:45:57.980Z", "allow_counter_offer": true, "status": "created", "is_paid": false, "completion_message": null, "completion_time": null, "estimation_time_seconds": 3300}}, {"model": "tack.tack", "pk": 3, "fields": {"tacker": 4, "runner": null, "title": "Foreign real allow section good sure.", "type": "groups", "price": 14471, "group": 1, "description": "Education husband standard ready example true member.", "creation_time": "2022-08-03T07:45:57.981Z", "allow_counter_offer": true, "status": "created", "is_paid": false, "completion_message": null, "completion_time": null, "estimation_time_seconds": 720}}, {"model": "tack.tack", "pk": 4, "fields": {"tacker": 9, "runner": null, "title": "Candidate house Mrs candidate.", "type": "groups", "price": 28919, "group": 1, "description": "Animal magazine conference way response sister black animal.", "creation_time": "2022-08-03T07:45:57.982Z", "allow_counter_offer": true, "status": "created", "is_paid": false, "completion_message": null, "completion_time": null, "estimation_time_seconds": 4560}}, {"model": "tack.tack", "pk": 5, "fields": {"tacker": 4, "runner": null, "title": "Mention friend evening. Buy cup think turn by two get.", "type": "groups", "price": 30742, "group": 1, "description": "Option ok school attack with culture accept current.", "creation_time": "2022-08-03T07:45:57.983Z", "allow_counter_offer": false, "status": "created", "is_paid": false, "completion_message": null, "completion_time": null, "estimation_time_seconds": 4020}}, {"model": "tack.tack", "pk": 6, "fields": {"tacker": 5, "runner": null, "title": "Billion should after gun life.", "type": "groups", "price": 32415, "group": 1, "description": "History by this require find senior film. Direction whole ok.", "creation_time": "2022-08-03T07:45:57.985Z", "allow_counter_offer": false, "status": "created", "is_paid": false, "completion_message": null, "completion_time": null, "estimation_time_seconds": 5100}}, {"model": "tack.tack", "pk": 7, "fields": {"tacker": 4, "runner": null, "title": "Brother more can agency. Present commercial woman.", "type": "groups", "price": 8548, "group": 1, "description": "I send close smile marriage kid pick.", "creation_time": "2022-08-03T07:45:57.986Z", "allow_counter_offer": false, "status": "created", "is_paid": false, "completion_message": null, "completion_time": null, "estimation_time_seconds": 2040}}, {"model": "tack.tack", "pk": 8, "fields": {"tacker": 14, "runner": null, "title": "Natural lot Congress anything drug.", "type": "groups", "price": 37494, "group": 1, "description": "Television sister state former partner fly chair act.", "creation_time": "2022-08-03T07:45:57.987Z", "allow_counter_offer": true, "status": "created", "is_paid": false, "completion_message": null, "completion_time": null, "estimation_time_seconds": 3600}}, {"model": "tack.tack", "pk": 9, "fields": {"tacker": 6, "runner": null, "title": "Special standard present chance plant.", "type": "groups", "price": 4214, "group": 1, "description": "Management its manage room at. Player thousand magazine more.", "creation_time": "2022-08-03T07:45:57.988Z", "allow_counter_offer": true, "status": "created", "is_paid": false, "completion_message": null, "completion_time": null, "estimation_time_seconds": 4560}}, {"model": "tack.tack", "pk": 10, "fields": {"tacker": 3, "runner": null, "title": "Not future guy again great six despite gun.", "type": "groups", "price": 19538, "group": 1, "description": "Glass Mrs interesting pretty. Rest record happy protect.", "creation_time": "2022-08-03T07:45:57.989Z", "allow_counter_offer": false, "status": "created", "is_paid": false, "completion_message": null, "completion_time": null, "estimation_time_seconds": 300}}, {"model": "tack.tack", "pk": 11, "fields": {"tacker": 14, "runner": null, "title": "Low simple management where tax right.", "type": "groups", "price": 40885, "group": 1, "description": "Allow offer notice kitchen our such. Morning little model.", "creation_time": "2022-08-03T07:45:57.990Z", "allow_counter_offer": true, "status": "created", "is_paid": false, "completion_message": null, "completion_time": null, "estimation_time_seconds": 3120}}, {"model": "tack.tack", "pk": 12, "fields": {"tacker": 20, "runner": null, "title": "Past individual our by push.", "type": "groups", "price": 34857, "group": 1, "description": "Choice daughter maintain live.", "creation_time": "2022-08-03T07:45:57.991Z", "allow_counter_offer": false, "status": "created", "is_paid": false, "completion_message": null, "completion_time": null, "estimation_time_seconds": 3540}}, {"model": "tack.tack", "pk": 13, "fields": {"tacker": 20, "runner": null, "title": "However six institution expect memory perform short.", "type": "groups", "price": 16704, "group": 1, "description": "Memory building call unit structure.", "creation_time": "2022-08-03T07:45:57.992Z", "allow_counter_offer": true, "status": "created", "is_paid": false, "completion_message": null, "completion_time": null, "estimation_time_seconds": 4440}}, {"model": "tack.tack", "pk": 14, "fields": {"tacker": 20, "runner": null, "title": "Language blood than indeed use year son camera.", "type": "groups", "price": 12898, "group": 1, "description": "Beat nice receive. Newspaper place level less push American.", "creation_time": "2022-08-03T07:45:57.993Z", "allow_counter_offer": true, "status": "created", "is_paid": false, "completion_message": null, "completion_time": null, "estimation_time_seconds": 4740}}, {"model": "tack.tack", "pk": 15, "fields": {"tacker": 20, "runner": null, "title": "Whom enough explain firm various very leader.", "type": "groups", "price": 22242, "group": 1, "description": "Issue media name win. Commercial century get history.", "creation_time": "2022-08-03T07:45:57.994Z", "allow_counter_offer": true, "status": "created", "is_paid": false, "completion_message": null, "completion_time": null, "estimation_time_seconds": 4260}}, {"model": "tack.tack", "pk": 16, "fields": {"tacker": 4, "runner": null, "title": "Teach well send seek form. Care Congress whether security.", "type": "groups", "price": 9244, "group": 1, "description": "Main responsibility person public. Manager rise word fall.", "creation_time": "2022-08-03T07:45:57.996Z", "allow_counter_offer": true, "status": "created", "is_paid": false, "completion_message": null, "completion_time": null, "estimation_time_seconds": 5220}}, {"model": "tack.tack", "pk": 17, "fields": {"tacker": 19, "runner": null, "title": "Soldier act particular again tell.", "type": "groups", "price": 14915, "group": 1, "description": "Raise word dog scientist against maintain.", "creation_time": "2022-08-03T07:45:57.997Z", "allow_counter_offer": true, "status": "created", "is_paid": false, "completion_message": null, "completion_time": null, "estimation_time_seconds": 5220}}, {"model": "tack.tack", "pk": 18, "fields": {"tacker": 6, "runner": null, "title": "Around mention event star authority human design between.", "type": "groups", "price": 17707, "group": 1, "description": "Role collection true school remain tell.", "creation_time": "2022-08-03T07:45:57.998Z", "allow_counter_offer": false, "status": "created", "is_paid": false, "completion_message": null, "completion_time": null, "estimation_time_seconds": 4200}}, {"model": "tack.tack", "pk": 19, "fields": {"tacker": 19, "runner": null, "title": "Eat coach election sell difference cup somebody.", "type": "groups", "price": 21926, "group": 1, "description": "There leg once than federal goal nature dog.", "creation_time": "2022-08-03T07:45:57.999Z", "allow_counter_offer": true, "status": "created", "is_paid": false, "completion_message": null, "completion_time": null, "estimation_time_seconds": 5220}}, {"model": "tack.tack", "pk": 20, "fields": {"tacker": 17, "runner": null, "title": "Sit mention it interview argue voice.", "type": "groups", "price": 13797, "group": 1, "description": "Writer memory weight force still.", "creation_time": "2022-08-03T07:45:58.000Z", "allow_counter_offer": true, "status": "created", "is_paid": false, "completion_message": null, "completion_time": null, "estimation_time_seconds": 2520}}, {"model": "tack.tack", "pk": 21, "fields": {"tacker": 17, "runner": 10, "title": "Star car past economic since lay.", "type": "groups", "price": 26998, "group": 1, "description": "Whatever lot look third.", "creation_time": "2022-08-03T07:45:58.003Z", "allow_counter_offer": false, "status": "in_progress", "is_paid": false, "completion_message": null, "completion_time": null, "estimation_time_seconds": 5580}}, {"model": "tack.tack", "pk": 22, "fields": {"tacker": 8, "runner": 10, "title": "Argue their decision clear plant already.", "type": "groups", "price": 24945, "group": 1, "description": "Money nearly approach religious stand project former.", "creation_time": "2022-08-03T07:45:58.006Z", "allow_counter_offer": false, "status": "in_progress", "is_paid": false, "completion_message": null, "completion_time": null, "estimation_time_seconds": 1920}}, {"model": "tack.tack", "pk": 23, "fields": {"tacker": 17, "runner": 13, "title": "Compare health act soldier few billion treatment.", "type": "groups", "price": 34856, "group": 1, "description": "Teacher red remember fight.", "creation_time": "2022-08-03T07:45:58.009Z", "allow_counter_offer": true, "status": "in_progress", "is_paid": false, "completion_message": null, "completion_time": null, "estimation_time_seconds": 1140}}, {"model": "tack.tack", "pk": 24, "fields": {"tacker": 1, "runner": 17, "title": "Speech example brother. Turn admit establish.", "type": "groups", "price": 34927, "group": 1, "description": "Key scene specific. Here movement effect enter.", "creation_time": "2022-08-03T07:45:58.011Z", "allow_counter_offer": false, "status": "in_progress", "is_paid": false, "completion_message": null, "completion_time": null, "estimation_time_seconds": 840}}, {"model": "tack.tack", "pk": 25, "fields": {"tacker": 6, "runner": 2, "title": "Sport tree task according career. Threat food speak final.", "type": "groups", "price": 39469, "group": 1, "description": "Interview fear particular public position movie.", "creation_time": "2022-08-03T07:45:58.014Z", "allow_counter_offer": true, "status": "in_progress", "is_paid": false, "completion_message": null, "completion_time": null, "estimation_time_seconds": 480}}, {"model": "tack.tack", "pk": 26, "fields": {"tacker": 5, "runner": 17, "title": "Character necessary green anyone.", "type": "groups", "price": 34052, "group": 1, "description": "Thought sure main executive trip. Agree enter firm.", "creation_time": "2022-08-03T07:45:58.017Z", "allow_counter_offer": true, "status": "in_progress", "is_paid": false, "completion_message": null, "completion_time": null, "estimation_time_seconds": 4440}}, {"model": "tack.tack", "pk": 27, "fields": {"tacker": 9, "runner": 12, "title": "Million important attack under.", "type": "groups", "price": 46566, "group": 1, "description": "Until their gas only three resource.", "creation_time": "2022-08-03T07:45:58.020Z", "allow_counter_offer": false, "status": "in_progress", "is_paid": false, "completion_message": null, "completion_time": null, "estimation_time_seconds": 4320}}, {"model": "tack.tack", "pk": 28, "fields": {"tacker": 2, "runner": 18, "title": "Account above view total social film itself join.", "type": "groups", "price": 16024, "group": 1, "description": "Series even buy cultural family.", "creation_time": "2022-08-03T07:45:58.022Z", "allow_counter_offer": true, "status": "in_progress", "is_paid": false, "completion_message": null, "completion_time": null, "estimation_time_seconds": 2280}}, {"model": "tack.tack", "pk": 29, "fields": {"tacker": 20, "runner": 19, "title": "Commercial center beat manage must.", "type": "groups", "price": 8891, "group": 1, "description": "Election project modern imagine pick certainly threat than.", "creation_time": "2022-08-03T07:45:58.025Z", "allow_counter_offer": false, "status": "in_progress", "is_paid": false, "completion_message": null, "completion_time": null, "estimation_time_seconds": 2580}}, {"model": "tack.tack", "pk": 30, "fields": {"tacker": 4, "runner": 12, "title": "Mission area may perform. Race rate military person answer.", "type": "groups", "price": 26065, "group": 1, "description": "Simple reduce particular.", "creation_time": "2022-08-03T07:45:58.028Z", "allow_counter_offer": false, "status": "in_progress", "is_paid": false, "completion_message": null, "completion_time": null, "estimation_time_seconds": 3180}}, {"model": "tack.tack", "pk": 31, "fields": {"tacker": 1, "runner": 16, "title": "Six focus own fly various challenge per.", "type": "groups", "price": 19629, "group": 1, "description": "Field understand second.", "creation_time": "2022-08-03T07:45:58.030Z", "allow_counter_offer": true, "status": "in_progress", "is_paid": false, "completion_message": null, "completion_time": null, "estimation_time_seconds": 4260}}, {"model": "tack.tack", "pk": 32, "fields": {"tacker": 10, "runner": 20, "title": "See meet event report. Learn still edge guess meeting.", "type": "groups", "price": 21604, "group": 1, "description": "Perform our baby him drug production.", "creation_time": "2022-08-03T07:45:58.033Z", "allow_counter_offer": true, "status": "in_progress", "is_paid": false, "completion_message": null, "completion_time": null, "estimation_time_seconds": 660}}, {"model": "tack.tack", "pk": 33, "fields": {"tacker": 1, "runner": 20, "title": "Nothing forget center bring. Social thus success.", "type": "groups", "price": 1568, "group": 1, "description": "Meet course particularly sure space mouth.", "creation_time": "2022-08-03T07:45:58.036Z", "allow_counter_offer": false, "status": "in_progress", "is_paid": false, "completion_message": null, "completion_time": null, "estimation_time_seconds": 2640}}, {"model": "tack.tack", "pk": 34, "fields": {"tacker": 5, "runner": 7, "title": "Rich relationship woman carry doctor possible.", "type": "groups", "price": 45852, "group": 1, "description": "Tree alone PM off blue thing team.", "creation_time": "2022-08-03T07:45:58.038Z", "allow_counter_offer": true, "status": "in_progress", "is_paid": false, "completion_message": null, "completion_time": null, "estimation_time_seconds": 5220}}, {"model": "tack.tack", "pk": 35, "fields": {"tacker": 5, "runner": 6, "title": "Accept night we of. Ten team recently world.", "type": "groups", "price": 10391, "group": 1, "description": "Catch station choice especially production million mother.", "creation_time": "2022-08-03T07:45:58.041Z", "allow_counter_offer": true, "status": "in_progress", "is_paid": false, "completion_message": null, "completion_time": null, "estimation_time_seconds": 3600}}, {"model": "tack.tack", "pk": 36, "fields": {"tacker": 13, "runner": 14, "title": "Find recent growth answer. Sing couple fight buy gas drive.", "type": "groups", "price": 38489, "group": 1, "description": "Speech in sure plant receive money central against.", "creation_time": "2022-08-03T07:45:58.044Z", "allow_counter_offer": false, "status": "in_progress", "is_paid": false, "completion_message": null, "completion_time": null, "estimation_time_seconds": 4740}}, {"model": "tack.tack", "pk": 37, "fields": {"tacker": 6, "runner": 17, "title": "Right staff work simple religious heart lose floor.", "type": "groups", "price": 178, "group": 1, "description": "Us it break forget manager property statement.", "creation_time": "2022-08-03T07:45:58.046Z", "allow_counter_offer": false, "status": "in_progress", "is_paid": false, "completion_message": null, "completion_time": null, "estimation_time_seconds": 2940}}, {"model": "tack.tack", "pk": 38, "fields": {"tacker": 13, "runner": 1, "title": "Give anyone effect. Name how suggest sense strong.", "type": "groups", "price": 3854, "group": 1, "description": "Responsibility box discover song kid company.", "creation_time": "2022-08-03T07:45:58.049Z", "allow_counter_offer": false, "status": "in_progress", "is_paid": false, "completion_message": null, "completion_time": null, "estimation_time_seconds": 5640}}, {"model": "tack.tack", "pk": 39, "fields": {"tacker": 4, "runner": 20, "title": "More view lawyer lose owner religious operation.", "type": "groups", "price": 48001, "group": 1, "description": "Rich kitchen movement ground about if. Leg down computer.", "creation_time": "2022-08-03T07:45:58.052Z", "allow_counter_offer": true, "status": "in_progress", "is_paid": false, "completion_message": null, "completion_time": null, "estimation_time_seconds": 3480}}, {"model": "tack.tack", "pk": 40, "fields": {"tacker": 18, "runner": 1, "title": "Eye enough truth job dark.", "type": "groups", "price": 34282, "group": 1, "description": "Morning act cultural huge bit factor eye.", "creation_time": "2022-08-03T07:45:58.054Z", "allow_counter_offer": false, "status": "in_progress", "is_paid": false, "completion_message": null, "completion_time": null, "estimation_time_seconds": 3000}}, {"model": "tack.tack", "pk": 41, "fields": {"tacker": 20, "runner": 13, "title": "Ago mother agent effort. Note never allow stuff bed.", "type": "groups", "price": 45815, "group": 3, "description": "Act player purpose direction class home as.", "creation_time": "2022-08-03T07:45:58.059Z", "allow_counter_offer": true, "status": "finished", "is_paid": true, "completion_message": "Always analysis.", "completion_time": "2022-06-13T00:00:00Z", "estimation_time_seconds": 3120}}, {"model": "tack.tack", "pk": 42, "fields": {"tacker": 20, "runner": 19, "title": "Speak usually sometimes six. Indeed heart couple treat.", "type": "groups", "price": 11540, "group": 16, "description": "Scene market body society law list report conference.", "creation_time": "2022-08-03T07:45:58.060Z", "allow_counter_offer": true, "status": "finished", "is_paid": false, "completion_message": "His risk number.", "completion_time": "2022-05-09T00:00:00Z", "estimation_time_seconds": 1500}}, {"model": "tack.tack", "pk": 43, "fields": {"tacker": 20, "runner": 7, "title": "Agent area reality responsibility certainly.", "type": "groups", "price": 5101, "group": 18, "description": "Occur a speak whether. Character particular form term down.", "creation_time": "2022-08-03T07:45:58.062Z", "allow_counter_offer": false, "status": "finished", "is_paid": false, "completion_message": "In catch bar more.", "completion_time": "2022-07-09T00:00:00Z", "estimation_time_seconds": 3300}}, {"model": "tack.tack", "pk": 44, "fields": {"tacker": 20, "runner": 2, "title": "Modern night easy. Control space many say institution.", "type": "groups", "price": 17350, "group": 12, "description": "Commercial even where indicate notice hot.", "creation_time": "2022-08-03T07:45:58.063Z", "allow_counter_offer": true, "status": "finished", "is_paid": true, "completion_message": "Since per could.", "completion_time": "2022-07-07T00:00:00Z", "estimation_time_seconds": 540}}, {"model": "tack.tack", "pk": 45, "fields": {"tacker": 20, "runner": 17, "title": "Huge only tonight.", "type": "groups", "price": 35188, "group": 10, "description": "Onto miss claim offer eight. Likely remain level also attorney.", "creation_time": "2022-08-03T07:45:58.064Z", "allow_counter_offer": true, "status": "finished", "is_paid": true, "completion_message": "Budget wait.", "completion_time": "2022-06-08T00:00:00Z", "estimation_time_seconds": 4380}}, {"model": "tack.tack", "pk": 46, "fields": {"tacker": 20, "runner": 18, "title": "Reach hit begin.", "type": "groups", "price": 8588, "group": 12, "description": "Season stage social team several.", "creation_time": "2022-08-03T07:45:58.065Z", "allow_counter_offer": false, "status": "finished", "is_paid": true, "completion_message": "Wrong increase eye.", "completion_time": "2022-07-22T00:00:00Z", "estimation_time_seconds": 780}}, {"model": "tack.tack", "pk": 47, "fields": {"tacker": 20, "runner": 17, "title": "Sound technology indicate follow road stay.", "type": "groups", "price": 42383, "group": 9, "description": "Yes cover table leg put course community either.", "creation_time": "2022-08-03T07:45:58.067Z", "allow_counter_offer": true, "status": "finished", "is_paid": true, "completion_message": "Concern share.", "completion_time": "2022-07-13T00:00:00Z", "estimation_time_seconds": 3600}}, {"model": "tack.tack", "pk": 48, "fields": {"tacker": 20, "runner": 11, "title": "Tell move answer seem next. Base audience develop short.", "type": "groups", "price": 46884, "group": 11, "description": "Effect song central beyond lose your technology learn.", "creation_time": "2022-08-03T07:45:58.068Z", "allow_counter_offer": true, "status": "finished", "is_paid": true, "completion_message": "Worry when best.", "completion_time": "2022-05-27T00:00:00Z", "estimation_time_seconds": 5940}}, {"model": "tack.tack", "pk": 49, "fields": {"tacker": 20, "runner": 9, "title": "Later trouble view coach low shake. Size do leg raise.", "type": "groups", "price": 24648, "group": 10, "description": "Four fast city music body do.", "creation_time": "2022-08-03T07:45:58.069Z", "allow_counter_offer": false, "status": "finished", "is_paid": true, "completion_message": "Determine their.", "completion_time": "2022-07-13T00:00:00Z", "estimation_time_seconds": 3120}}, {"model": "tack.tack", "pk": 50, "fields": {"tacker": 20, "runner": 17, "title": "Message action with decade system dinner.", "type": "groups", "price": 11763, "group": 13, "description": "Individual include tell actually design.", "creation_time": "2022-08-03T07:45:58.070Z", "allow_counter_offer": true, "status": "finished", "is_paid": true, "completion_message": "Safe lose wall.", "completion_time": "2022-07-20T00:00:00Z", "estimation_time_seconds": 1500}}, {"model": "tack.tack", "pk": 51, "fields": {"tacker": 20, "runner": 13, "title": "Item simply business opportunity positive support.", "type": "groups", "price": 21537, "group": 20, "description": "Whether increase area hope short professor.", "creation_time": "2022-08-03T07:45:58.072Z", "allow_counter_offer": false, "status": "finished", "is_paid": false, "completion_message": "Have year same ask.", "completion_time": "2022-06-15T00:00:00Z", "estimation_time_seconds": 3300}}, {"model": "tack.tack", "pk": 52, "fields": {"tacker": 20, "runner": 16, "title": "Base activity class part according.", "type": "groups", "price": 12262, "group": 2, "description": "Best anyone into history experience late technology.", "creation_time": "2022-08-03T07:45:58.073Z", "allow_counter_offer": true, "status": "finished", "is_paid": false, "completion_message": "Small establish.", "completion_time": "2022-06-29T00:00:00Z", "estimation_time_seconds": 2220}}, {"model": "tack.tack", "pk": 53, "fields": {"tacker": 20, "runner": 12, "title": "Agent article simple phone power.", "type": "groups", "price": 38299, "group": 6, "description": "Something include sell member health soon month.", "creation_time": "2022-08-03T07:45:58.074Z", "allow_counter_offer": true, "status": "finished", "is_paid": true, "completion_message": "Our bed window.", "completion_time": "2022-05-23T00:00:00Z", "estimation_time_seconds": 5040}}, {"model": "tack.tack", "pk": 54, "fields": {"tacker": 20, "runner": 12, "title": "Discover majority me. Five physical term real set article.", "type": "groups", "price": 3951, "group": 13, "description": "Five late ask try ahead unit woman. Peace sport two catch.", "creation_time": "2022-08-03T07:45:58.075Z", "allow_counter_offer": false, "status": "finished", "is_paid": true, "completion_message": "Two story owner.", "completion_time": "2022-05-11T00:00:00Z", "estimation_time_seconds": 1560}}, {"model": "tack.tack", "pk": 55, "fields": {"tacker": 20, "runner": 4, "title": "Maintain career most forward economy chance evening.", "type": "groups", "price": 28813, "group": 8, "description": "Seek officer likely loss wish he.", "creation_time": "2022-08-03T07:45:58.077Z", "allow_counter_offer": true, "status": "finished", "is_paid": false, "completion_message": "Course pass way.", "completion_time": "2022-05-30T00:00:00Z", "estimation_time_seconds": 5580}}, {"model": "tack.tack", "pk": 56, "fields": {"tacker": 20, "runner": 13, "title": "Hard form end tough movement why mission Mrs.", "type": "groups", "price": 41363, "group": 9, "description": "Growth remain good security travel. Popular than add music.", "creation_time": "2022-08-03T07:45:58.078Z", "allow_counter_offer": false, "status": "finished", "is_paid": true, "completion_message": "Them black computer.", "completion_time": "2022-06-13T00:00:00Z", "estimation_time_seconds": 2580}}, {"model": "tack.tack", "pk": 57, "fields": {"tacker": 20, "runner": 15, "title": "Easy born fly various easy. Early think yourself social.", "type": "groups", "price": 39988, "group": 20, "description": "Per color raise. Marriage task represent see.", "creation_time": "2022-08-03T07:45:58.079Z", "allow_counter_offer": true, "status": "finished", "is_paid": true, "completion_message": "Paper full measure.", "completion_time": "2022-06-18T00:00:00Z", "estimation_time_seconds": 4440}}, {"model": "tack.tack", "pk": 58, "fields": {"tacker": 20, "runner": 11, "title": "Pretty administration figure option assume.", "type": "groups", "price": 47861, "group": 7, "description": "Lead order place sell art job traditional.", "creation_time": "2022-08-03T07:45:58.080Z", "allow_counter_offer": true, "status": "finished", "is_paid": false, "completion_message": "Research woman onto.", "completion_time": "2022-07-12T00:00:00Z", "estimation_time_seconds": 2640}}, {"model": "tack.tack", "pk": 59, "fields": {"tacker": 20, "runner": 14, "title": "Turn system design. Someone then her relationship happen.", "type": "groups", "price": 35155, "group": 10, "description": "Rule evidence above piece bill movie from.", "creation_time": "2022-08-03T07:45:58.082Z", "allow_counter_offer": true, "status": "finished", "is_paid": false, "completion_message": "Set with lose.", "completion_time": "2022-05-21T00:00:00Z", "estimation_time_seconds": 1320}}, {"model": "tack.tack", "pk": 60, "fields": {"tacker": 20, "runner": 1, "title": "Drop read during until. Artist these people this.", "type": "groups", "price": 7349, "group": 14, "description": "Beat task PM society believe should.", "creation_time": "2022-08-03T07:45:58.083Z", "allow_counter_offer": false, "status": "finished", "is_paid": true, "completion_message": "Important perhaps.", "completion_time": "2022-05-03T00:00:00Z", "estimation_time_seconds": 2520}}, {"model": "tack.tack", "pk": 61, "fields": {"tacker": 20, "runner": null, "title": "string", "type": "groups", "price": 123, "group": 1, "description": "string", "creation_time": "2022-08-03T08:20:15.941Z", "allow_counter_offer": true, "status": "created", "is_paid": false, "completion_message": null, "completion_time": null, "estimation_time_seconds": 2147483647}}, {"model": "group.group", "pk": 1, "fields": {"owner": 1, "name": "Fox, Johnson and Smith", "description": "Air management walk machine. However action Republican a finally. Art month another just reality off.\nBuilding old real house give mission. Manager bit laugh man together toward. Early fly argue later operation.", "image": "", "is_public": true, "invitation_link": "6bc2fc7c-099a-448d-8713-5bdc47107dea", "creation_time": "2022-08-03T07:45:43.623Z"}}, {"model": "group.group", "pk": 2, "fields": {"owner": 2, "name": "Bates Group", "description": "Wear show president surface project close. Focus situation action court upon. Five base similar fund series.\nDemocrat purpose no meeting name time foot.\nCultural drive ever herself develop. Water very energy field because bank. Read those fast might.", "image": "", "is_public": true, "invitation_link": "7d43f05e-82b9-467a-9d44-b540c3e7f133", "creation_time": "2022-08-03T07:45:44.331Z"}}, {"model": "group.group", "pk": 3, "fields": {"owner": 3, "name": "Lewis Group", "description": "Message player owner stage.\nAct north two smile. Force voice job line born.\nThat enter color arrive player. Sea into top move wind by. Cold real top environmental million could whatever.\nShow it join. Evidence probably fight vote sort war.", "image": "", "is_public": false, "invitation_link": "76d67d9b-e25a-433e-850e-7843aeaa0f05", "creation_time": "2022-08-03T07:45:45.058Z"}}, {"model": "group.group", "pk": 4, "fields": {"owner": 4, "name": "Hughes Ltd", "description": "Sea entire film quality miss. High evening not laugh. Even however article stuff box.\nEffect which fire trip behind shake. Significant better development score discussion. Hope organization cold administration especially.", "image": "", "is_public": false, "invitation_link": "54ed2d78-f340-4e3c-96e4-733d54416ca7", "creation_time": "2022-08-03T07:45:46.081Z"}}, {"model": "group.group", "pk": 5, "fields": {"owner": 5, "name": "Serrano-Potter", "description": "Able newspaper physical performance writer news hear. Yard movie trouble letter debate particular.\nLight house oil whom officer. Improve me other right.", "image": "", "is_public": false, "invitation_link": "68d32dba-8d26-4552-9595-8c92f3f7cdac", "creation_time": "2022-08-03T07:45:46.799Z"}}, {"model": "group.group", "pk": 6, "fields": {"owner": 6, "name": "Liu Inc", "description": "Though care church where hold rich. Defense water three offer specific.\nUntil red red. Admit card dinner move pass eat condition.\nOil else bit financial kid other. Age right week spend employee. Social address themselves bank.", "image": "", "is_public": true, "invitation_link": "c74bbb32-fc36-48fb-b72c-b4773cc7d57e", "creation_time": "2022-08-03T07:45:47.515Z"}}, {"model": "group.group", "pk": 7, "fields": {"owner": 7, "name": "Moore Inc", "description": "Whatever really benefit name.\nSuffer magazine particularly enjoy. From coach detail whatever capital. Nature discover guess.\nTogether specific without surface affect.", "image": "", "is_public": true, "invitation_link": "1e3716d6-e81c-47bf-86ec-962995fe2425", "creation_time": "2022-08-03T07:45:48.172Z"}}, {"model": "group.group", "pk": 8, "fields": {"owner": 8, "name": "Dorsey, Wise and Wilson", "description": "Rise yard law security. Wish Congress safe generation fire. Way also event trade.\nOnce recently turn. Again letter up increase draw blood list. Should far out base moment find article bag. Experience seven beautiful personal hope can.", "image": "", "is_public": true, "invitation_link": "6bebd1b5-c3b9-4262-aaf3-e5afb0c639ad", "creation_time": "2022-08-03T07:45:48.831Z"}}, {"model": "group.group", "pk": 9, "fields": {"owner": 9, "name": "Roth-Leonard", "description": "Newspaper I but result. Tend whatever upon individual popular hotel.\nIndicate past several mother. Heavy against worry range medical floor can speech. Learn blue four girl day address.", "image": "", "is_public": false, "invitation_link": "eba8e429-494f-4374-8227-c42078461606", "creation_time": "2022-08-03T07:45:49.563Z"}}, {"model": "group.group", "pk": 10, "fields": {"owner": 10, "name": "Hernandez-Williams", "description": "Walk speak exactly create sport main. Under every force our approach. Wait all statement one.\nMake camera customer foreign build. Treat build age. Meeting nearly loss Congress stand several security.", "image": "", "is_public": true, "invitation_link": "9db02a72-20a2-47e1-bb63-6925cf9ba8a8", "creation_time": "2022-08-03T07:45:50.279Z"}}, {"model": "group.group", "pk": 11, "fields": {"owner": 11, "name": "Robbins-Brown", "description": "Put teacher why property. Happy western bed. Family suggest shoulder take himself nice stand.\nBring my common. Friend attorney positive voice artist wall. Others federal eye option kid late.\nCentury bank speech hair. Second huge find assume box away.", "image": "", "is_public": true, "invitation_link": "386c9208-11ed-41d2-a0f9-286d812aa02f", "creation_time": "2022-08-03T07:45:50.998Z"}}, {"model": "group.group", "pk": 12, "fields": {"owner": 12, "name": "Brown-Fletcher", "description": "Prove the finally all listen carry. Any system alone sister audience.\nOne source deal dog. So tell defense support data think.\nWest clearly really pass.", "image": "", "is_public": true, "invitation_link": "776d4d00-4101-4fd6-a740-a355a99631b5", "creation_time": "2022-08-03T07:45:51.714Z"}}, {"model": "group.group", "pk": 13, "fields": {"owner": 13, "name": "Jackson, Fisher and Huerta", "description": "Plan religious none mouth alone. Memory land west middle American activity around. Show before various music special executive.", "image": "", "is_public": true, "invitation_link": "3be97c9f-8de3-48cb-a7a1-dcab64fac266", "creation_time": "2022-08-03T07:45:52.532Z"}}, {"model": "group.group", "pk": 14, "fields": {"owner": 14, "name": "Cochran, Kim and Preston", "description": "Old provide game far prove. Late possible growth us. Process project later that in painting popular little.\nHundred open quickly yeah great. Stage record bed political point skill light along. Institution cold certain rise miss treat. Even result only.", "image": "", "is_public": true, "invitation_link": "937549cb-8f2d-4118-9094-094d2e201d37", "creation_time": "2022-08-03T07:45:53.250Z"}}, {"model": "group.group", "pk": 15, "fields": {"owner": 15, "name": "Anderson, James and Fernandez", "description": "Eye boy notice.\nTell which stock music.\nAmong while decade figure. Thousand wait finally your them now.\nInformation piece hope positive time skin. Cut service write bag already feeling teach. Must teacher meet year state process.", "image": "", "is_public": false, "invitation_link": "d78f7f33-33dd-477e-8308-788741d97e2a", "creation_time": "2022-08-03T07:45:53.966Z"}}, {"model": "group.group", "pk": 16, "fields": {"owner": 16, "name": "Sanchez, Potter and Sexton", "description": "Fall month south American finally month camera. Top pull miss mean movement. Land ago option discover range low.\nChair popular clearly talk ago. Trial person project yard.", "image": "", "is_public": false, "invitation_link": "370e3427-c306-45be-9cf6-2bb7e998608c", "creation_time": "2022-08-03T07:45:54.684Z"}}, {"model": "group.group", "pk": 17, "fields": {"owner": 17, "name": "Luna-Smith", "description": "Beat not small growth cup sport. Eight remember candidate easy strong type.\nHouse few long. Your lot staff knowledge.\nSurface great become raise. Book rate exist less my require.", "image": "", "is_public": false, "invitation_link": "a4fbf90e-ab0b-48ea-8ea8-cc1c45e52503", "creation_time": "2022-08-03T07:45:55.322Z"}}, {"model": "group.group", "pk": 18, "fields": {"owner": 18, "name": "Peterson, Johnson and Williams", "description": "Establish short first evening blue himself. Art line play tree six. Nation develop culture expert third.\nClear determine reduce vote I answer laugh major. Member red likely of apply be pull box. Month reduce drug.", "image": "", "is_public": true, "invitation_link": "8dc6fd08-dacf-467c-af48-82c45494d9c2", "creation_time": "2022-08-03T07:45:56.220Z"}}, {"model": "group.group", "pk": 19, "fields": {"owner": 19, "name": "Fletcher-Collins", "description": "Outside unit structure stage bit language across. Health figure book when edge series economy mind.\nNature white see product machine. Remember black candidate goal control. Congress child really PM option animal growth church.", "image": "", "is_public": true, "invitation_link": "20b9ca08-fead-40b7-8439-24187e4fb5c3", "creation_time": "2022-08-03T07:45:57.142Z"}}, {"model": "group.group", "pk": 20, "fields": {"owner": 1, "name": "Lamb and Sons", "description": "Himself with much. But sign free final rate hotel factor. Good practice cell partner consider name action wait.\nLearn choose word eye agency chance question class. Admit number night give close. Site woman may agreement.", "image": "", "is_public": false, "invitation_link": "3bde4eaa-cf87-4207-9e2c-4f5946a915c9", "creation_time": "2022-08-03T07:45:57.858Z"}}, {"model": "group.groupmembers", "pk": 1, "fields": {"group": 1, "member": 1}}, {"model": "group.groupmembers", "pk": 2, "fields": {"group": 2, "member": 2}}, {"model": "group.groupmembers", "pk": 3, "fields": {"group": 3, "member": 3}}, {"model": "group.groupmembers", "pk": 4, "fields": {"group": 4, "member": 4}}, {"model": "group.groupmembers", "pk": 5, "fields": {"group": 5, "member": 5}}, {"model": "group.groupmembers", "pk": 6, "fields": {"group": 6, "member": 6}}, {"model": "group.groupmembers", "pk": 7, "fields": {"group": 7, "member": 7}}, {"model": "group.groupmembers", "pk": 8, "fields": {"group": 8, "member": 8}}, {"model": "group.groupmembers", "pk": 9, "fields": {"group": 9, "member": 9}}, {"model": "group.groupmembers", "pk": 10, "fields": {"group": 10, "member": 10}}, {"model": "group.groupmembers", "pk": 11, "fields": {"group": 11, "member": 11}}, {"model": "group.groupmembers", "pk": 12, "fields": {"group": 12, "member": 12}}, {"model": "group.groupmembers", "pk": 13, "fields": {"group": 13, "member": 13}}, {"model": "group.groupmembers", "pk": 14, "fields": {"group": 14, "member": 14}}, {"model": "group.groupmembers", "pk": 15, "fields": {"group": 15, "member": 15}}, {"model": "group.groupmembers", "pk": 16, "fields": {"group": 16, "member": 16}}, {"model": "group.groupmembers", "pk": 17, "fields": {"group": 17, "member": 17}}, {"model": "group.groupmembers", "pk": 18, "fields": {"group": 18, "member": 18}}, {"model": "group.groupmembers", "pk": 19, "fields": {"group": 19, "member": 19}}, {"model": "group.groupmembers", "pk": 20, "fields": {"group": 20, "member": 20}}, {"model": "group.groupmembers", "pk": 21, "fields": {"group": 1, "member": 2}}, {"model": "group.groupmembers", "pk": 22, "fields": {"group": 1, "member": 3}}, {"model": "group.groupmembers", "pk": 23, "fields": {"group": 1, "member": 4}}, {"model": "group.groupmembers", "pk": 24, "fields": {"group": 1, "member": 5}}, {"model": "group.groupmembers", "pk": 25, "fields": {"group": 1, "member": 6}}, {"model": "group.groupmembers", "pk": 26, "fields": {"group": 1, "member": 7}}, {"model": "group.groupmembers", "pk": 27, "fields": {"group": 1, "member": 8}}, {"model": "group.groupmembers", "pk": 28, "fields": {"group": 1, "member": 9}}, {"model": "group.groupmembers", "pk": 29, "fields": {"group": 1, "member": 10}}, {"model": "group.groupmembers", "pk": 30, "fields": {"group": 1, "member": 11}}, {"model": "group.groupmembers", "pk": 31, "fields": {"group": 1, "member": 12}}, {"model": "group.groupmembers", "pk": 32, "fields": {"group": 1, "member": 13}}, {"model": "group.groupmembers", "pk": 33, "fields": {"group": 1, "member": 14}}, {"model": "group.groupmembers", "pk": 34, "fields": {"group": 1, "member": 15}}, {"model": "group.groupmembers", "pk": 35, "fields": {"group": 1, "member": 16}}, {"model": "group.groupmembers", "pk": 36, "fields": {"group": 1, "member": 17}}, {"model": "group.groupmembers", "pk": 37, "fields": {"group": 1, "member": 18}}, {"model": "group.groupmembers", "pk": 38, "fields": {"group": 1, "member": 19}}, {"model": "group.groupmembers", "pk": 39, "fields": {"group": 1, "member": 20}}, {"model": "group.groupinvitations", "pk": 1, "fields": {"invitee": 20, "group": 1}}, {"model": "group.groupinvitations", "pk": 2, "fields": {"invitee": 20, "group": 2}}, {"model": "group.groupinvitations", "pk": 3, "fields": {"invitee": 20, "group": 3}}, {"model": "group.groupinvitations", "pk": 4, "fields": {"invitee": 20, "group": 4}}, {"model": "group.groupinvitations", "pk": 5, "fields": {"invitee": 20, "group": 5}}, {"model": "group.groupinvitations", "pk": 6, "fields": {"invitee": 20, "group": 6}}, {"model": "group.groupinvitations", "pk": 7, "fields": {"invitee": 20, "group": 7}}, {"model": "group.groupinvitations", "pk": 8, "fields": {"invitee": 20, "group": 8}}, {"model": "group.groupinvitations", "pk": 9, "fields": {"invitee": 20, "group": 9}}, {"model": "group.groupinvitations", "pk": 10, "fields": {"invitee": 20, "group": 10}}, {"model": "group.groupinvitations", "pk": 11, "fields": {"invitee": 20, "group": 11}}, {"model": "group.groupinvitations", "pk": 12, "fields": {"invitee": 20, "group": 12}}, {"model": "group.groupinvitations", "pk": 13, "fields": {"invitee": 20, "group": 13}}, {"model": "group.groupinvitations", "pk": 14, "fields": {"invitee": 20, "group": 14}}, {"model": "group.groupinvitations", "pk": 15, "fields": {"invitee": 20, "group": 15}}, {"model": "group.groupinvitations", "pk": 16, "fields": {"invitee": 20, "group": 16}}, {"model": "group.groupinvitations", "pk": 17, "fields": {"invitee": 20, "group": 17}}, {"model": "group.groupinvitations", "pk": 18, "fields": {"invitee": 20, "group": 18}}, {"model": "group.groupinvitations", "pk": 19, "fields": {"invitee": 20, "group": 19}}, {"model": "group.groupinvitations", "pk": 20, "fields": {"invitee": 20, "group": 20}}, {"model": "payment.bankaccount", "pk": 1, "fields": {"user": 1, "usd_balance": 5000, "stripe_user": "cus_MAyDH2vxAdcOT8"}}, {"model": "payment.bankaccount", "pk": 2, "fields": {"user": 2, "usd_balance": 25000, "stripe_user": "cus_MAyDM8wdQuaF0c"}}, {"model": "payment.bankaccount", "pk": 3, "fields": {"user": 3, "usd_balance": 3500, "stripe_user": "cus_MAyDrvphVxKbZ2"}}, {"model": "payment.bankaccount", "pk": 4, "fields": {"user": 4, "usd_balance": 300, "stripe_user": "cus_MAyD2MPNOWuIjI"}}, {"model": "payment.bankaccount", "pk": 5, "fields": {"user": 5, "usd_balance": 0, "stripe_user": "cus_MAyDgpYqCj7fgd"}}, {"model": "payment.bankaccount", "pk": 6, "fields": {"user": 6, "usd_balance": 0, "stripe_user": "cus_MAyD8fuSHzd2qy"}}, {"model": "payment.bankaccount", "pk": 7, "fields": {"user": 7, "usd_balance": 0, "stripe_user": "cus_MAyDXKKMrf3Dpi"}}, {"model": "payment.bankaccount", "pk": 8, "fields": {"user": 8, "usd_balance": 20000, "stripe_user": "cus_MAyDri2177o02P"}}, {"model": "payment.bankaccount", "pk": 9, "fields": {"user": 9, "usd_balance": 0, "stripe_user": "cus_MAyDwWMBy1TjAu"}}, {"model": "payment.bankaccount", "pk": 10, "fields": {"user": 10, "usd_balance": 0, "stripe_user": "cus_MAyDAw7vpq6WUH"}}, {"model": "payment.bankaccount", "pk": 11, "fields": {"user": 11, "usd_balance": 1660, "stripe_user": "cus_MAyDqVw6jMtzwR"}}, {"model": "payment.bankaccount", "pk": 12, "fields": {"user": 12, "usd_balance": 0, "stripe_user": "cus_MAyDp25Vt7MIgX"}}, {"model": "payment.bankaccount", "pk": 13, "fields": {"user": 13, "usd_balance": 0, "stripe_user": "cus_MAyDyVZ13QQlGx"}}, {"model": "payment.bankaccount", "pk": 14, "fields": {"user": 14, "usd_balance": 5555, "stripe_user": "cus_MAyDmSmCjUz5w9"}}, {"model": "payment.bankaccount", "pk": 15, "fields": {"user": 15, "usd_balance": 0, "stripe_user": "cus_MAyD4UaY5BCGEX"}}, {"model": "payment.bankaccount", "pk": 16, "fields": {"user": 16, "usd_balance": 0, "stripe_user": "cus_MAyDE5CadaXbx4"}}, {"model": "payment.bankaccount", "pk": 17, "fields": {"user": 17, "usd_balance": 2300, "stripe_user": "cus_MAyDAQf1GOsMgv"}}, {"model": "payment.bankaccount", "pk": 18, "fields": {"user": 18, "usd_balance": 0, "stripe_user": "cus_MAyDpIGCXWNI2E"}}, {"model": "payment.bankaccount", "pk": 19, "fields": {"user": 19, "usd_balance": 0, "stripe_user": "cus_MAyDREEt9a0Si2"}}, {"model": "payment.bankaccount", "pk": 20, "fields": {"user": 20, "usd_balance": 5000, "stripe_user": "cus_MAyD1Nz71BjnZg"}}, {"model": "payment.bankaccount", "pk": 21, "fields": {"user": 21, "usd_balance": 0, "stripe_user": "cus_MAynKLezwyLJ0h"}}, {"model": "token_blacklist.outstandingtoken", "pk": 1, "fields": {"user": 20, "jti": "60e38440a50542428d1ca76c50078301", "token": "eyJ0eXAiOiJKV1QiLCJhbGciOiJIUzI1NiJ9.eyJ0b2tlbl90eXBlIjoicmVmcmVzaCIsImV4cCI6MTY2MjEwNjc0MCwiaWF0IjoxNjU5NTE0NzQwLCJqdGkiOiI2MGUzODQ0MGE1MDU0MjQyOGQxY2E3NmM1MDA3ODMwMSIsInVzZXJfaWQiOjIwfQ._SJ3lzgdafj-l-PgiV55k2UJUDUfkgMLExwuInMfxPE", "created_at": "2022-08-03T08:19:00.707Z", "expires_at": "2022-09-02T08:19:00Z"}}]