[{"model": "dashboard.userdashboardmodule", "pk": 1, "fields": {"title": "Quick links", "module": "jet.dashboard.modules.LinkList", "app_label": null, "user": 21, "column": 0, "order": 0, "settings": "{\"draggable\": false, \"deletable\": false, \"collapsible\": false, \"layout\": \"inline\"}", "children": "[{\"title\": \"Return to site\", \"url\": \"/\"}, {\"title\": \"Change password\", \"url\": \"/admin/password_change/\"}, {\"title\": \"Log out\", \"url\": \"/admin/logout/\"}]", "collapsed": false}}, {"model": "dashboard.userdashboardmodule", "pk": 2, "fields": {"title": "Applications", "module": "jet.dashboard.modules.AppList", "app_label": null, "user": 21, "column": 1, "order": 0, "settings": "{\"models\": null, \"exclude\": [\"auth.*\"]}", "children": "", "collapsed": false}}, {"model": "dashboard.userdashboardmodule", "pk": 3, "fields": {"title": "Administration", "module": "jet.dashboard.modules.AppList", "app_label": null, "user": 21, "column": 2, "order": 0, "settings": "{\"models\": [\"auth.*\"], \"exclude\": null}", "children": "", "collapsed": false}}, {"model": "dashboard.userdashboardmodule", "pk": 4, "fields": {"title": "Recent Actions", "module": "jet.dashboard.modules.RecentActions", "app_label": null, "user": 21, "column": 0, "order": 1, "settings": "{\"limit\": 10, \"include_list\": null, \"exclude_list\": null, \"user\": null}", "children": "", "collapsed": false}}, {"model": "dashboard.userdashboardmodule", "pk": 5, "fields": {"title": "Latest Django News", "module": "jet.dashboard.modules.Feed", "app_label": null, "user": 21, "column": 1, "order": 1, "settings": "{\"feed_url\": \"http://www.djangoproject.com/rss/weblog/\", \"limit\": 5}", "children": "", "collapsed": false}}, {"model": "dashboard.userdashboardmodule", "pk": 6, "fields": {"title": "Support", "module": "jet.dashboard.modules.LinkList", "app_label": null, "user": 21, "column": 2, "order": 1, "settings": "{\"draggable\": true, \"deletable\": true, \"collapsible\": true, \"layout\": \"stacked\"}", "children": "[{\"title\": \"Django documentation\", \"url\": \"http://docs.djangoproject.com/\", \"external\": true}, {\"title\": \"Django \\\"django-users\\\" mailing list\", \"url\": \"http://groups.google.com/group/django-users\", \"external\": true}, {\"title\": \"Django irc channel\", \"url\": \"irc://irc.freenode.net/django\", \"external\": true}]", "collapsed": false}}, {"model": "dashboard.userdashboardmodule", "pk": 7, "fields": {"title": "Application models", "module": "jet.dashboard.modules.ModelList", "app_label": "user", "user": 21, "column": 0, "order": 0, "settings": "{\"models\": [\"user.*\"], \"exclude\": null}", "children": "", "collapsed": false}}, {"model": "dashboard.userdashboardmodule", "pk": 8, "fields": {"title": "Recent Actions", "module": "jet.dashboard.modules.RecentActions", "app_label": "user", "user": 21, "column": 1, "order": 0, "settings": "{\"limit\": 10, \"include_list\": [\"user.*\"], \"exclude_list\": null, \"user\": null}", "children": "", "collapsed": false}}, {"model": "admin.logentry", "pk": 1, "fields": {"action_time": "2022-08-09T12:40:57.902Z", "user": 21, "content_type": 9, "object_id": "21", "object_repr": "admin admin", "action_flag": 2, "change_message": "[{\"changed\": {\"fields\": [\"Username\", \"First name\", \"Last name\", \"Email\"]}}]"}}, {"model": "auth.permission", "pk": 1, "fields": {"name": "Can add user dashboard module", "content_type": 1, "codename": "add_userdashboardmodule"}}, {"model": "auth.permission", "pk": 2, "fields": {"name": "Can change user dashboard module", "content_type": 1, "codename": "change_userdashboardmodule"}}, {"model": "auth.permission", "pk": 3, "fields": {"name": "Can delete user dashboard module", "content_type": 1, "codename": "delete_userdashboardmodule"}}, {"model": "auth.permission", "pk": 4, "fields": {"name": "Can view user dashboard module", "content_type": 1, "codename": "view_userdashboardmodule"}}, {"model": "auth.permission", "pk": 5, "fields": {"name": "Can add bookmark", "content_type": 2, "codename": "add_bookmark"}}, {"model": "auth.permission", "pk": 6, "fields": {"name": "Can change bookmark", "content_type": 2, "codename": "change_bookmark"}}, {"model": "auth.permission", "pk": 7, "fields": {"name": "Can delete bookmark", "content_type": 2, "codename": "delete_bookmark"}}, {"model": "auth.permission", "pk": 8, "fields": {"name": "Can view bookmark", "content_type": 2, "codename": "view_bookmark"}}, {"model": "auth.permission", "pk": 9, "fields": {"name": "Can add pinned application", "content_type": 3, "codename": "add_pinnedapplication"}}, {"model": "auth.permission", "pk": 10, "fields": {"name": "Can change pinned application", "content_type": 3, "codename": "change_pinnedapplication"}}, {"model": "auth.permission", "pk": 11, "fields": {"name": "Can delete pinned application", "content_type": 3, "codename": "delete_pinnedapplication"}}, {"model": "auth.permission", "pk": 12, "fields": {"name": "Can view pinned application", "content_type": 3, "codename": "view_pinnedapplication"}}, {"model": "auth.permission", "pk": 13, "fields": {"name": "Can add log entry", "content_type": 4, "codename": "add_logentry"}}, {"model": "auth.permission", "pk": 14, "fields": {"name": "Can change log entry", "content_type": 4, "codename": "change_logentry"}}, {"model": "auth.permission", "pk": 15, "fields": {"name": "Can delete log entry", "content_type": 4, "codename": "delete_logentry"}}, {"model": "auth.permission", "pk": 16, "fields": {"name": "Can view log entry", "content_type": 4, "codename": "view_logentry"}}, {"model": "auth.permission", "pk": 17, "fields": {"name": "Can add permission", "content_type": 5, "codename": "add_permission"}}, {"model": "auth.permission", "pk": 18, "fields": {"name": "Can change permission", "content_type": 5, "codename": "change_permission"}}, {"model": "auth.permission", "pk": 19, "fields": {"name": "Can delete permission", "content_type": 5, "codename": "delete_permission"}}, {"model": "auth.permission", "pk": 20, "fields": {"name": "Can view permission", "content_type": 5, "codename": "view_permission"}}, {"model": "auth.permission", "pk": 21, "fields": {"name": "Can add group", "content_type": 6, "codename": "add_group"}}, {"model": "auth.permission", "pk": 22, "fields": {"name": "Can change group", "content_type": 6, "codename": "change_group"}}, {"model": "auth.permission", "pk": 23, "fields": {"name": "Can delete group", "content_type": 6, "codename": "delete_group"}}, {"model": "auth.permission", "pk": 24, "fields": {"name": "Can view group", "content_type": 6, "codename": "view_group"}}, {"model": "auth.permission", "pk": 25, "fields": {"name": "Can add content type", "content_type": 7, "codename": "add_contenttype"}}, {"model": "auth.permission", "pk": 26, "fields": {"name": "Can change content type", "content_type": 7, "codename": "change_contenttype"}}, {"model": "auth.permission", "pk": 27, "fields": {"name": "Can delete content type", "content_type": 7, "codename": "delete_contenttype"}}, {"model": "auth.permission", "pk": 28, "fields": {"name": "Can view content type", "content_type": 7, "codename": "view_contenttype"}}, {"model": "auth.permission", "pk": 29, "fields": {"name": "Can add session", "content_type": 8, "codename": "add_session"}}, {"model": "auth.permission", "pk": 30, "fields": {"name": "Can change session", "content_type": 8, "codename": "change_session"}}, {"model": "auth.permission", "pk": 31, "fields": {"name": "Can delete session", "content_type": 8, "codename": "delete_session"}}, {"model": "auth.permission", "pk": 32, "fields": {"name": "Can view session", "content_type": 8, "codename": "view_session"}}, {"model": "auth.permission", "pk": 33, "fields": {"name": "Can add User", "content_type": 9, "codename": "add_user"}}, {"model": "auth.permission", "pk": 34, "fields": {"name": "Can change User", "content_type": 9, "codename": "change_user"}}, {"model": "auth.permission", "pk": 35, "fields": {"name": "Can delete User", "content_type": 9, "codename": "delete_user"}}, {"model": "auth.permission", "pk": 36, "fields": {"name": "Can view User", "content_type": 9, "codename": "view_user"}}, {"model": "auth.permission", "pk": 37, "fields": {"name": "Can add Offer", "content_type": 10, "codename": "add_offer"}}, {"model": "auth.permission", "pk": 38, "fields": {"name": "Can change Offer", "content_type": 10, "codename": "change_offer"}}, {"model": "auth.permission", "pk": 39, "fields": {"name": "Can delete Offer", "content_type": 10, "codename": "delete_offer"}}, {"model": "auth.permission", "pk": 40, "fields": {"name": "Can view Offer", "content_type": 10, "codename": "view_offer"}}, {"model": "auth.permission", "pk": 41, "fields": {"name": "Can add Tack", "content_type": 11, "codename": "add_tack"}}, {"model": "auth.permission", "pk": 42, "fields": {"name": "Can change Tack", "content_type": 11, "codename": "change_tack"}}, {"model": "auth.permission", "pk": 43, "fields": {"name": "Can delete Tack", "content_type": 11, "codename": "delete_tack"}}, {"model": "auth.permission", "pk": 44, "fields": {"name": "Can view Tack", "content_type": 11, "codename": "view_tack"}}, {"model": "auth.permission", "pk": 45, "fields": {"name": "Can add Popular Tack", "content_type": 12, "codename": "add_populartack"}}, {"model": "auth.permission", "pk": 46, "fields": {"name": "Can change Popular Tack", "content_type": 12, "codename": "change_populartack"}}, {"model": "auth.permission", "pk": 47, "fields": {"name": "Can delete Popular Tack", "content_type": 12, "codename": "delete_populartack"}}, {"model": "auth.permission", "pk": 48, "fields": {"name": "Can view Popular Tack", "content_type": 12, "codename": "view_populartack"}}, {"model": "auth.permission", "pk": 49, "fields": {"name": "Can add Review", "content_type": 13, "codename": "add_review"}}, {"model": "auth.permission", "pk": 50, "fields": {"name": "Can change Review", "content_type": 13, "codename": "change_review"}}, {"model": "auth.permission", "pk": 51, "fields": {"name": "Can delete Review", "content_type": 13, "codename": "delete_review"}}, {"model": "auth.permission", "pk": 52, "fields": {"name": "Can view Review", "content_type": 13, "codename": "view_review"}}, {"model": "auth.permission", "pk": 53, "fields": {"name": "Can add Group", "content_type": 14, "codename": "add_group"}}, {"model": "auth.permission", "pk": 54, "fields": {"name": "Can change Group", "content_type": 14, "codename": "change_group"}}, {"model": "auth.permission", "pk": 55, "fields": {"name": "Can delete Group", "content_type": 14, "codename": "delete_group"}}, {"model": "auth.permission", "pk": 56, "fields": {"name": "Can view Group", "content_type": 14, "codename": "view_group"}}, {"model": "auth.permission", "pk": 57, "fields": {"name": "Can add Group invitation", "content_type": 15, "codename": "add_groupinvitations"}}, {"model": "auth.permission", "pk": 58, "fields": {"name": "Can change Group invitation", "content_type": 15, "codename": "change_groupinvitations"}}, {"model": "auth.permission", "pk": 59, "fields": {"name": "Can delete Group invitation", "content_type": 15, "codename": "delete_groupinvitations"}}, {"model": "auth.permission", "pk": 60, "fields": {"name": "Can view Group invitation", "content_type": 15, "codename": "view_groupinvitations"}}, {"model": "auth.permission", "pk": 61, "fields": {"name": "Can add Group membership", "content_type": 16, "codename": "add_groupmembers"}}, {"model": "auth.permission", "pk": 62, "fields": {"name": "Can change Group membership", "content_type": 16, "codename": "change_groupmembers"}}, {"model": "auth.permission", "pk": 63, "fields": {"name": "Can delete Group membership", "content_type": 16, "codename": "delete_groupmembers"}}, {"model": "auth.permission", "pk": 64, "fields": {"name": "Can view Group membership", "content_type": 16, "codename": "view_groupmembers"}}, {"model": "auth.permission", "pk": 65, "fields": {"name": "Can add Group Tack", "content_type": 17, "codename": "add_grouptacks"}}, {"model": "auth.permission", "pk": 66, "fields": {"name": "Can change Group Tack", "content_type": 17, "codename": "change_grouptacks"}}, {"model": "auth.permission", "pk": 67, "fields": {"name": "Can delete Group Tack", "content_type": 17, "codename": "delete_grouptacks"}}, {"model": "auth.permission", "pk": 68, "fields": {"name": "Can view Group Tack", "content_type": 17, "codename": "view_grouptacks"}}, {"model": "auth.permission", "pk": 69, "fields": {"name": "Can add Group mute", "content_type": 18, "codename": "add_groupmutes"}}, {"model": "auth.permission", "pk": 70, "fields": {"name": "Can change Group mute", "content_type": 18, "codename": "change_groupmutes"}}, {"model": "auth.permission", "pk": 71, "fields": {"name": "Can delete Group mute", "content_type": 18, "codename": "delete_groupmutes"}}, {"model": "auth.permission", "pk": 72, "fields": {"name": "Can view Group mute", "content_type": 18, "codename": "view_groupmutes"}}, {"model": "auth.permission", "pk": 73, "fields": {"name": "Can add Verification", "content_type": 19, "codename": "add_phoneverification"}}, {"model": "auth.permission", "pk": 74, "fields": {"name": "Can change Verification", "content_type": 19, "codename": "change_phoneverification"}}, {"model": "auth.permission", "pk": 75, "fields": {"name": "Can delete Verification", "content_type": 19, "codename": "delete_phoneverification"}}, {"model": "auth.permission", "pk": 76, "fields": {"name": "Can view Verification", "content_type": 19, "codename": "view_phoneverification"}}, {"model": "auth.permission", "pk": 77, "fields": {"name": "Can add Bank Account", "content_type": 20, "codename": "add_bankaccount"}}, {"model": "auth.permission", "pk": 78, "fields": {"name": "Can change Bank Account", "content_type": 20, "codename": "change_bankaccount"}}, {"model": "auth.permission", "pk": 79, "fields": {"name": "Can delete Bank Account", "content_type": 20, "codename": "delete_bankaccount"}}, {"model": "auth.permission", "pk": 80, "fields": {"name": "Can view Bank Account", "content_type": 20, "codename": "view_bankaccount"}}, {"model": "auth.permission", "pk": 81, "fields": {"name": "Can add Payment method", "content_type": 21, "codename": "add_userpaymentmethods"}}, {"model": "auth.permission", "pk": 82, "fields": {"name": "Can change Payment method", "content_type": 21, "codename": "change_userpaymentmethods"}}, {"model": "auth.permission", "pk": 83, "fields": {"name": "Can delete Payment method", "content_type": 21, "codename": "delete_userpaymentmethods"}}, {"model": "auth.permission", "pk": 84, "fields": {"name": "Can view Payment method", "content_type": 21, "codename": "view_userpaymentmethods"}}, {"model": "auth.permission", "pk": 85, "fields": {"name": "Can add blacklisted token", "content_type": 22, "codename": "add_blacklistedtoken"}}, {"model": "auth.permission", "pk": 86, "fields": {"name": "Can change blacklisted token", "content_type": 22, "codename": "change_blacklistedtoken"}}, {"model": "auth.permission", "pk": 87, "fields": {"name": "Can delete blacklisted token", "content_type": 22, "codename": "delete_blacklistedtoken"}}, {"model": "auth.permission", "pk": 88, "fields": {"name": "Can view blacklisted token", "content_type": 22, "codename": "view_blacklistedtoken"}}, {"model": "auth.permission", "pk": 89, "fields": {"name": "Can add outstanding token", "content_type": 23, "codename": "add_outstandingtoken"}}, {"model": "auth.permission", "pk": 90, "fields": {"name": "Can change outstanding token", "content_type": 23, "codename": "change_outstandingtoken"}}, {"model": "auth.permission", "pk": 91, "fields": {"name": "Can delete outstanding token", "content_type": 23, "codename": "delete_outstandingtoken"}}, {"model": "auth.permission", "pk": 92, "fields": {"name": "Can view outstanding token", "content_type": 23, "codename": "view_outstandingtoken"}}, {"model": "auth.permission", "pk": 93, "fields": {"name": "Can add crontab", "content_type": 24, "codename": "add_crontabschedule"}}, {"model": "auth.permission", "pk": 94, "fields": {"name": "Can change crontab", "content_type": 24, "codename": "change_crontabschedule"}}, {"model": "auth.permission", "pk": 95, "fields": {"name": "Can delete crontab", "content_type": 24, "codename": "delete_crontabschedule"}}, {"model": "auth.permission", "pk": 96, "fields": {"name": "Can view crontab", "content_type": 24, "codename": "view_crontabschedule"}}, {"model": "auth.permission", "pk": 97, "fields": {"name": "Can add interval", "content_type": 25, "codename": "add_intervalschedule"}}, {"model": "auth.permission", "pk": 98, "fields": {"name": "Can change interval", "content_type": 25, "codename": "change_intervalschedule"}}, {"model": "auth.permission", "pk": 99, "fields": {"name": "Can delete interval", "content_type": 25, "codename": "delete_intervalschedule"}}, {"model": "auth.permission", "pk": 100, "fields": {"name": "Can view interval", "content_type": 25, "codename": "view_intervalschedule"}}, {"model": "auth.permission", "pk": 101, "fields": {"name": "Can add periodic task", "content_type": 26, "codename": "add_periodictask"}}, {"model": "auth.permission", "pk": 102, "fields": {"name": "Can change periodic task", "content_type": 26, "codename": "change_periodictask"}}, {"model": "auth.permission", "pk": 103, "fields": {"name": "Can delete periodic task", "content_type": 26, "codename": "delete_periodictask"}}, {"model": "auth.permission", "pk": 104, "fields": {"name": "Can view periodic task", "content_type": 26, "codename": "view_periodictask"}}, {"model": "auth.permission", "pk": 105, "fields": {"name": "Can add periodic tasks", "content_type": 27, "codename": "add_periodictasks"}}, {"model": "auth.permission", "pk": 106, "fields": {"name": "Can change periodic tasks", "content_type": 27, "codename": "change_periodictasks"}}, {"model": "auth.permission", "pk": 107, "fields": {"name": "Can delete periodic tasks", "content_type": 27, "codename": "delete_periodictasks"}}, {"model": "auth.permission", "pk": 108, "fields": {"name": "Can view periodic tasks", "content_type": 27, "codename": "view_periodictasks"}}, {"model": "auth.permission", "pk": 109, "fields": {"name": "Can add solar event", "content_type": 28, "codename": "add_solarschedule"}}, {"model": "auth.permission", "pk": 110, "fields": {"name": "Can change solar event", "content_type": 28, "codename": "change_solarschedule"}}, {"model": "auth.permission", "pk": 111, "fields": {"name": "Can delete solar event", "content_type": 28, "codename": "delete_solarschedule"}}, {"model": "auth.permission", "pk": 112, "fields": {"name": "Can view solar event", "content_type": 28, "codename": "view_solarschedule"}}, {"model": "auth.permission", "pk": 113, "fields": {"name": "Can add clocked", "content_type": 29, "codename": "add_clockedschedule"}}, {"model": "auth.permission", "pk": 114, "fields": {"name": "Can change clocked", "content_type": 29, "codename": "change_clockedschedule"}}, {"model": "auth.permission", "pk": 115, "fields": {"name": "Can delete clocked", "content_type": 29, "codename": "delete_clockedschedule"}}, {"model": "auth.permission", "pk": 116, "fields": {"name": "Can view clocked", "content_type": 29, "codename": "view_clockedschedule"}}, {"model": "contenttypes.contenttype", "pk": 1, "fields": {"app_label": "dashboard", "model": "userdashboardmodule"}}, {"model": "contenttypes.contenttype", "pk": 2, "fields": {"app_label": "jet", "model": "bookmark"}}, {"model": "contenttypes.contenttype", "pk": 3, "fields": {"app_label": "jet", "model": "pinnedapplication"}}, {"model": "contenttypes.contenttype", "pk": 4, "fields": {"app_label": "admin", "model": "logentry"}}, {"model": "contenttypes.contenttype", "pk": 5, "fields": {"app_label": "auth", "model": "permission"}}, {"model": "contenttypes.contenttype", "pk": 6, "fields": {"app_label": "auth", "model": "group"}}, {"model": "contenttypes.contenttype", "pk": 7, "fields": {"app_label": "contenttypes", "model": "contenttype"}}, {"model": "contenttypes.contenttype", "pk": 8, "fields": {"app_label": "sessions", "model": "session"}}, {"model": "contenttypes.contenttype", "pk": 9, "fields": {"app_label": "user", "model": "user"}}, {"model": "contenttypes.contenttype", "pk": 10, "fields": {"app_label": "tack", "model": "offer"}}, {"model": "contenttypes.contenttype", "pk": 11, "fields": {"app_label": "tack", "model": "tack"}}, {"model": "contenttypes.contenttype", "pk": 12, "fields": {"app_label": "tack", "model": "populartack"}}, {"model": "contenttypes.contenttype", "pk": 13, "fields": {"app_label": "review", "model": "review"}}, {"model": "contenttypes.contenttype", "pk": 14, "fields": {"app_label": "group", "model": "group"}}, {"model": "contenttypes.contenttype", "pk": 15, "fields": {"app_label": "group", "model": "groupinvitations"}}, {"model": "contenttypes.contenttype", "pk": 16, "fields": {"app_label": "group", "model": "groupmembers"}}, {"model": "contenttypes.contenttype", "pk": 17, "fields": {"app_label": "group", "model": "grouptacks"}}, {"model": "contenttypes.contenttype", "pk": 18, "fields": {"app_label": "group", "model": "groupmutes"}}, {"model": "contenttypes.contenttype", "pk": 19, "fields": {"app_label": "socials", "model": "phoneverification"}}, {"model": "contenttypes.contenttype", "pk": 20, "fields": {"app_label": "payment", "model": "bankaccount"}}, {"model": "contenttypes.contenttype", "pk": 21, "fields": {"app_label": "payment", "model": "userpaymentmethods"}}, {"model": "contenttypes.contenttype", "pk": 22, "fields": {"app_label": "token_blacklist", "model": "blacklistedtoken"}}, {"model": "contenttypes.contenttype", "pk": 23, "fields": {"app_label": "token_blacklist", "model": "outstandingtoken"}}, {"model": "contenttypes.contenttype", "pk": 24, "fields": {"app_label": "django_celery_beat", "model": "crontabschedule"}}, {"model": "contenttypes.contenttype", "pk": 25, "fields": {"app_label": "django_celery_beat", "model": "intervalschedule"}}, {"model": "contenttypes.contenttype", "pk": 26, "fields": {"app_label": "django_celery_beat", "model": "periodictask"}}, {"model": "contenttypes.contenttype", "pk": 27, "fields": {"app_label": "django_celery_beat", "model": "periodictasks"}}, {"model": "contenttypes.contenttype", "pk": 28, "fields": {"app_label": "django_celery_beat", "model": "solarschedule"}}, {"model": "contenttypes.contenttype", "pk": 29, "fields": {"app_label": "django_celery_beat", "model": "clockedschedule"}}, {"model": "sessions.session", "pk": "gpjd7nl6xnzoy46byiw95jrlf9dfo549", "fields": {"session_data": ".eJxVjDsOAjEMBe-SGkVxskIxJT1niGzHIQsokfZTrbg7rLQFtG9m3mYSrUtN66xTGrO5GA_m9DsyyVPbTvKD2r1b6W2ZRra7Yg8621vP-roe7t9Bpbl-ayBR77FoCAISgXxGBBeUWCVLpjCQOgY9F5Y4FI0FCZAiQWR0bN4fO4k5nw:1oLOX5:Vsjhnx3pcHcKy7qTSz5hw2nDBLvpHY2qKLKAgnZaq3w", "expire_date": "2022-08-23T12:40:27.338Z"}}, {"model": "user.user", "pk": 1, "fields": {"last_login": null, "is_superuser": false, "is_staff": false, "is_active": true, "date_joined": "2022-08-09T12:37:42.808Z", "username": "william28", "password": "pbkdf2_sha256$320000$CprgcIkLjglsB7FJYWHAbD$IYTqCTyeLOoSccu/8ybR1QLEnHz9Xa/Y1jPbY5CiF2Y=", "profile_picture": "", "first_name": "William", "last_name": "Rocha", "phone_number": "+6792769471", "birthday": "1987-03-31", "active_group": null, "tacks_rating": "0.00", "tacks_amount": 0, "email": "hhall@example.org", "groups": [], "user_permissions": []}}, {"model": "user.user", "pk": 2, "fields": {"last_login": null, "is_superuser": false, "is_staff": false, "is_active": true, "date_joined": "2022-08-09T12:37:44.166Z", "username": "jeffreyelliott", "password": "pbkdf2_sha256$320000$CdreobG46p9q9jzZgSNnpr$jfrF9xVmOlaNlF3SLzc/wqDl/YInFtaFP5PiYgCVAxs=", "profile_picture": "", "first_name": "Erin", "last_name": "Koch", "phone_number": "+50321924873", "birthday": "1974-11-12", "active_group": null, "tacks_rating": "0.00", "tacks_amount": 0, "email": "kathrynnelson@example.net", "groups": [], "user_permissions": []}}, {"model": "user.user", "pk": 3, "fields": {"last_login": null, "is_superuser": false, "is_staff": false, "is_active": true, "date_joined": "2022-08-09T12:37:44.870Z", "username": "rebecca26", "password": "pbkdf2_sha256$320000$pKw2fmF6xmgaEwajZvlSKd$mPH+HJUdPDtGtLctv2tz0L1ANmk1pPJZl2QE1Dxvtfs=", "profile_picture": "", "first_name": "Michael", "last_name": "Berry", "phone_number": "+995344099652", "birthday": "1991-10-29", "active_group": null, "tacks_rating": "0.00", "tacks_amount": 0, "email": "sdiaz@example.org", "groups": [], "user_permissions": []}}, {"model": "user.user", "pk": 4, "fields": {"last_login": null, "is_superuser": false, "is_staff": false, "is_active": true, "date_joined": "2022-08-09T12:37:45.590Z", "username": "heidiibarra", "password": "pbkdf2_sha256$320000$1KspshQVp3fkWsBN5CoxOa$4HJ5XInu7JiUlvWIUcgyt/ed2bXauJMRqA6gkj2PqvY=", "profile_picture": "", "first_name": "Troy", "last_name": "Knox", "phone_number": "+522256452669", "birthday": "1997-05-30", "active_group": null, "tacks_rating": "0.00", "tacks_amount": 0, "email": "nmorrison@example.org", "groups": [], "user_permissions": []}}, {"model": "user.user", "pk": 5, "fields": {"last_login": null, "is_superuser": false, "is_staff": false, "is_active": true, "date_joined": "2022-08-09T12:37:46.253Z", "username": "ggregory", "password": "pbkdf2_sha256$320000$FeJogzgjShZtxWnv0tQcYW$YtdI5kOcS2yacl548H1Txtm0xCB8CkymsqqiPQOhkTQ=", "profile_picture": "", "first_name": "Brett", "last_name": "Brooks", "phone_number": "+18456289084", "birthday": "1966-12-16", "active_group": null, "tacks_rating": "0.00", "tacks_amount": 0, "email": "jason41@example.org", "groups": [], "user_permissions": []}}, {"model": "user.user", "pk": 6, "fields": {"last_login": null, "is_superuser": false, "is_staff": false, "is_active": true, "date_joined": "2022-08-09T12:37:46.920Z", "username": "thompsonchristine", "password": "pbkdf2_sha256$320000$7C8W8T00zDJEnp6XPYJxED$ZijaXy6MKv5exTq+Smq2GEC9FLR2EFm2oE2IXdvfTpM=", "profile_picture": "", "first_name": "Aaron", "last_name": "Kelly", "phone_number": "+6795085155", "birthday": "1980-08-11", "active_group": null, "tacks_rating": "0.00", "tacks_amount": 0, "email": "cooklisa@example.com", "groups": [], "user_permissions": []}}, {"model": "user.user", "pk": 7, "fields": {"last_login": null, "is_superuser": false, "is_staff": false, "is_active": true, "date_joined": "2022-08-09T12:37:47.836Z", "username": "worr", "password": "pbkdf2_sha256$320000$LFd2PQMpqqIOeXAgwXnIUG$4ZvHs1ncvz0a7q+YL36V97jUhVt0p/WD6vpcmbPosyg=", "profile_picture": "", "first_name": "Patty", "last_name": "Shaw", "phone_number": "+41818249921", "birthday": "1977-02-18", "active_group": null, "tacks_rating": "0.00", "tacks_amount": 0, "email": "zmoore@example.org", "groups": [], "user_permissions": []}}, {"model": "user.user", "pk": 8, "fields": {"last_login": null, "is_superuser": false, "is_staff": false, "is_active": true, "date_joined": "2022-08-09T12:37:48.554Z", "username": "williamgarcia", "password": "pbkdf2_sha256$320000$MuJOskZUHETgQCQIPFkIbU$xjmkL2ZyYwhnYSSP+s114q2jOG/LF5lte+BsvxzsKds=", "profile_picture": "", "first_name": "David", "last_name": "Hood", "phone_number": "+590590575366", "birthday": "1974-01-12", "active_group": null, "tacks_rating": "0.00", "tacks_amount": 0, "email": "kimberlycline@example.net", "groups": [], "user_permissions": []}}, {"model": "user.user", "pk": 9, "fields": {"last_login": null, "is_superuser": false, "is_staff": false, "is_active": true, "date_joined": "2022-08-09T12:37:49.271Z", "username": "efernandez", "password": "pbkdf2_sha256$320000$mo6K0rQCme8WeVGgZcvklb$9GpL3wTElrc+NHIIb5d8BKJbbujVfg50SFm2luJ2egw=", "profile_picture": "", "first_name": "John", "last_name": "Taylor", "phone_number": "+6806807475", "birthday": "1980-05-20", "active_group": null, "tacks_rating": "0.00", "tacks_amount": 0, "email": "john89@example.com", "groups": [], "user_permissions": []}}, {"model": "user.user", "pk": 10, "fields": {"last_login": null, "is_superuser": false, "is_staff": false, "is_active": true, "date_joined": "2022-08-09T12:37:49.957Z", "username": "louis25", "password": "pbkdf2_sha256$320000$Ey6orpyZCH9gxcVi7legbv$hct3Fw4A19L9d1qufvYs1f7XciyzjCPTyBxoG49+OIQ=", "profile_picture": "", "first_name": "Desiree", "last_name": "Davidson", "phone_number": "+247886921", "birthday": "1964-06-18", "active_group": null, "tacks_rating": "0.00", "tacks_amount": 0, "email": "weberjoshua@example.org", "groups": [], "user_permissions": []}}, {"model": "user.user", "pk": 11, "fields": {"last_login": null, "is_superuser": false, "is_staff": false, "is_active": true, "date_joined": "2022-08-09T12:37:50.708Z", "username": "cayala", "password": "pbkdf2_sha256$320000$Qyzj4FIMFlZSksfa4SZ1YP$PcZaoaeaRMwV34u3DkrHyMNebJ05NzqprLcbsTkm+js=", "profile_picture": "", "first_name": "Damon", "last_name": "Brown", "phone_number": "+648172265", "birthday": "2003-04-03", "active_group": null, "tacks_rating": "0.00", "tacks_amount": 0, "email": "sanfordsusan@example.net", "groups": [], "user_permissions": []}}, {"model": "user.user", "pk": 12, "fields": {"last_login": null, "is_superuser": false, "is_staff": false, "is_active": true, "date_joined": "2022-08-09T12:37:51.331Z", "username": "alexanderthomas", "password": "pbkdf2_sha256$320000$f8eCguOwxX9ySqqRDGEdrL$/wV8UPWVdcv6+tYrInqjOxgzNDf3AJFCefHkwbxYmMA=", "profile_picture": "", "first_name": "Adam", "last_name": "Hensley", "phone_number": "+34911062148", "birthday": "2003-01-06", "active_group": null, "tacks_rating": "0.00", "tacks_amount": 0, "email": "taraking@example.com", "groups": [], "user_permissions": []}}, {"model": "user.user", "pk": 13, "fields": {"last_login": null, "is_superuser": false, "is_staff": false, "is_active": true, "date_joined": "2022-08-09T12:37:51.992Z", "username": "waynecopeland", "password": "pbkdf2_sha256$320000$91mAfdWoh9KB6IQmxhtwtS$MMaqNPI9M/HYo8wwD+zMpLnqbGZEVXbyB2TuUH0nQkY=", "profile_picture": "", "first_name": "Mary", "last_name": "Powers", "phone_number": "+97387389464", "birthday": "1956-11-10", "active_group": null, "tacks_rating": "0.00", "tacks_amount": 0, "email": "annetteberger@example.net", "groups": [], "user_permissions": []}}, {"model": "user.user", "pk": 14, "fields": {"last_login": null, "is_superuser": false, "is_staff": false, "is_active": true, "date_joined": "2022-08-09T12:37:52.757Z", "username": "staceyestrada", "password": "pbkdf2_sha256$320000$788R8eVA7Jbthdt0Du9pX5$6vS99orBhsBHC3kzT7qx1n0cpLmfikkpz/5WvpJ+y04=", "profile_picture": "", "first_name": "John", "last_name": "White", "phone_number": "+966575389262", "birthday": "1950-08-21", "active_group": null, "tacks_rating": "0.00", "tacks_amount": 0, "email": "jonathan65@example.org", "groups": [], "user_permissions": []}}, {"model": "user.user", "pk": 15, "fields": {"last_login": null, "is_superuser": false, "is_staff": false, "is_active": true, "date_joined": "2022-08-09T12:37:53.474Z", "username": "heathermay", "password": "pbkdf2_sha256$320000$7l1gwuWOmL92tlmeciCqDE$qGQggA5IwwpOvPeQ2Jdy6HwB0wD+q8WdFaIYyDF+tpg=", "profile_picture": "", "first_name": "Shannon", "last_name": "Maxwell", "phone_number": "+970599322280", "birthday": "1973-08-09", "active_group": null, "tacks_rating": "0.00", "tacks_amount": 0, "email": "clarkscott@example.com", "groups": [], "user_permissions": []}}, {"model": "user.user", "pk": 16, "fields": {"last_login": null, "is_superuser": false, "is_staff": false, "is_active": true, "date_joined": "2022-08-09T12:37:54.184Z", "username": "boonelisa", "password": "pbkdf2_sha256$320000$NmFKDPJBEWY9tjM63apznY$/eSkuZ14r4nJu1aff7o9+sUndvX8jQ/kJ9Rm8OIjQxw=", "profile_picture": "", "first_name": "Brianna", "last_name": "Hester", "phone_number": "+17692542521", "birthday": "1978-11-03", "active_group": null, "tacks_rating": "0.00", "tacks_amount": 0, "email": "hamiltonlatoya@example.org", "groups": [], "user_permissions": []}}, {"model": "user.user", "pk": 17, "fields": {"last_login": null, "is_superuser": false, "is_staff": false, "is_active": true, "date_joined": "2022-08-09T12:37:55.181Z", "username": "hsawyer", "password": "pbkdf2_sha256$320000$Zc2ut9wVET9IxHrwefpNnp$c3t7xoas/XgX1kKrxOIs2JClcO0OZsN1urxpRVA8mMs=", "profile_picture": "", "first_name": "Michael", "last_name": "Bryant", "phone_number": "+972772742216", "birthday": "1957-04-11", "active_group": null, "tacks_rating": "0.00", "tacks_amount": 0, "email": "grantlinda@example.com", "groups": [], "user_permissions": []}}, {"model": "user.user", "pk": 18, "fields": {"last_login": null, "is_superuser": false, "is_staff": false, "is_active": true, "date_joined": "2022-08-09T12:37:55.872Z", "username": "brittneynelson", "password": "pbkdf2_sha256$320000$Wg2AMKDNNdN3aiLz5ebyLK$rj5jL8Uh/Pf+StFEkZwf/E+YS+aSXk3MftUVrW/R/rY=", "profile_picture": "", "first_name": "Kevin", "last_name": "Sims", "phone_number": "+59996709862", "birthday": "1952-01-12", "active_group": null, "tacks_rating": "0.00", "tacks_amount": 0, "email": "fatkinson@example.net", "groups": [], "user_permissions": []}}, {"model": "user.user", "pk": 19, "fields": {"last_login": null, "is_superuser": false, "is_staff": false, "is_active": true, "date_joined": "2022-08-09T12:37:56.646Z", "username": "agonzalez", "password": "pbkdf2_sha256$320000$cgmnYzl38RoOHIu7KsKC86$i8Aer/UXY/Ji/EKrbet4Szob00olftgA8uR7U3Tx8dQ=", "profile_picture": "", "first_name": "Katelyn", "last_name": "Thomas", "phone_number": "+265889892634", "birthday": "1976-03-30", "active_group": null, "tacks_rating": "0.00", "tacks_amount": 0, "email": "ysmith@example.net", "groups": [], "user_permissions": []}}, {"model": "user.user", "pk": 20, "fields": {"last_login": null, "is_superuser": false, "is_staff": false, "is_active": true, "date_joined": "2022-08-09T12:37:57.428Z", "username": "smcconnell", "password": "pbkdf2_sha256$320000$I35UQPrhraMVJPYAaP4GrH$zzIY3rPvdsQIWiq5Nap3Ac38Q2pikQYL1drR9Mb54OA=", "profile_picture": "", "first_name": "Heather", "last_name": "Kim", "phone_number": "+265774207790", "birthday": "1997-07-01", "active_group": null, "tacks_rating": "0.00", "tacks_amount": 0, "email": "uclark@example.org", "groups": [], "user_permissions": []}}, {"model": "user.user", "pk": 21, "fields": {"last_login": "2022-08-09T12:40:27Z", "is_superuser": true, "is_staff": true, "is_active": true, "date_joined": "2022-08-09T12:40:13Z", "username": "admin", "password": "pbkdf2_sha256$320000$7FrBCjMtKDameDhZr4gwGt$/6mhtFxlj2oc7wM9rTsG5Q6BbW6JgjdDYgY1KZ3s6Bk=", "profile_picture": "", "first_name": "admin", "last_name": "admin", "phone_number": "+375291111111", "birthday": null, "active_group": null, "tacks_rating": "0.00", "tacks_amount": 0, "email": "admin@admin.com", "groups": [], "user_permissions": []}}, {"model": "tack.tack", "pk": 1, "fields": {"is_active": true, "creation_time": "2022-08-09T12:37:58.138Z", "tacker": 14, "runner": null, "title": "Purpose argue cause likely test stand.", "type": "groups", "price": 34918, "group": 1, "description": "Bag similar live hundred star home herself beautiful.", "allow_counter_offer": true, "status": "created", "is_paid": false, "estimation_time_seconds": 4560, "accepted_time": null, "completion_message": null, "completion_time": null}}, {"model": "tack.tack", "pk": 2, "fields": {"is_active": true, "creation_time": "2022-08-09T12:37:58.142Z", "tacker": 15, "runner": null, "title": "Type voice everybody kind themselves weight.", "type": "groups", "price": 18443, "group": 1, "description": "What suffer realize kid teacher could.", "allow_counter_offer": true, "status": "created", "is_paid": false, "estimation_time_seconds": 5640, "accepted_time": null, "completion_message": null, "completion_time": null}}, {"model": "tack.tack", "pk": 3, "fields": {"is_active": true, "creation_time": "2022-08-09T12:37:58.144Z", "tacker": 10, "runner": null, "title": "Finish scene thought. Experience behavior center page.", "type": "groups", "price": 43623, "group": 1, "description": "Wide response floor tree measure name close yet.", "allow_counter_offer": false, "status": "created", "is_paid": false, "estimation_time_seconds": 480, "accepted_time": null, "completion_message": null, "completion_time": null}}, {"model": "tack.tack", "pk": 4, "fields": {"is_active": true, "creation_time": "2022-08-09T12:37:58.146Z", "tacker": 2, "runner": null, "title": "Foot relationship soon reduce pick deep Mr draw.", "type": "groups", "price": 23011, "group": 1, "description": "Meet music you break.", "allow_counter_offer": false, "status": "created", "is_paid": false, "estimation_time_seconds": 4980, "accepted_time": null, "completion_message": null, "completion_time": null}}, {"model": "tack.tack", "pk": 5, "fields": {"is_active": true, "creation_time": "2022-08-09T12:37:58.147Z", "tacker": 12, "runner": null, "title": "Poor ever hotel section reach. Store when cause rate.", "type": "groups", "price": 44344, "group": 1, "description": "Quite friend generation son white drive Democrat serious.", "allow_counter_offer": true, "status": "created", "is_paid": false, "estimation_time_seconds": 4200, "accepted_time": null, "completion_message": null, "completion_time": null}}, {"model": "tack.tack", "pk": 6, "fields": {"is_active": true, "creation_time": "2022-08-09T12:37:58.149Z", "tacker": 15, "runner": null, "title": "Data southern together in soldier nation.", "type": "groups", "price": 22251, "group": 1, "description": "Put north lose their play ask partner.", "allow_counter_offer": true, "status": "created", "is_paid": false, "estimation_time_seconds": 4800, "accepted_time": null, "completion_message": null, "completion_time": null}}, {"model": "tack.tack", "pk": 7, "fields": {"is_active": true, "creation_time": "2022-08-09T12:37:58.150Z", "tacker": 8, "runner": null, "title": "Nor be run impact people picture north expect.", "type": "groups", "price": 3491, "group": 1, "description": "Fill energy its. Tend finish anything training well mother.", "allow_counter_offer": false, "status": "created", "is_paid": false, "estimation_time_seconds": 720, "accepted_time": null, "completion_message": null, "completion_time": null}}, {"model": "tack.tack", "pk": 8, "fields": {"is_active": true, "creation_time": "2022-08-09T12:37:58.152Z", "tacker": 18, "runner": null, "title": "Expert traditional catch hundred. Think popular service PM.", "type": "groups", "price": 18264, "group": 1, "description": "Pretty war church politics.", "allow_counter_offer": true, "status": "created", "is_paid": false, "estimation_time_seconds": 4320, "accepted_time": null, "completion_message": null, "completion_time": null}}, {"model": "tack.tack", "pk": 9, "fields": {"is_active": true, "creation_time": "2022-08-09T12:37:58.153Z", "tacker": 8, "runner": null, "title": "To everybody throughout bar maintain with.", "type": "groups", "price": 18790, "group": 1, "description": "Quickly specific catch themselves difference.", "allow_counter_offer": true, "status": "created", "is_paid": false, "estimation_time_seconds": 4920, "accepted_time": null, "completion_message": null, "completion_time": null}}, {"model": "tack.tack", "pk": 10, "fields": {"is_active": true, "creation_time": "2022-08-09T12:37:58.154Z", "tacker": 16, "runner": null, "title": "System thing hotel ten compare spend on often.", "type": "groups", "price": 24075, "group": 1, "description": "During its end whatever writer.", "allow_counter_offer": false, "status": "created", "is_paid": false, "estimation_time_seconds": 3240, "accepted_time": null, "completion_message": null, "completion_time": null}}, {"model": "tack.tack", "pk": 11, "fields": {"is_active": true, "creation_time": "2022-08-09T12:37:58.155Z", "tacker": 19, "runner": null, "title": "Design dinner along detail. North woman never agree right.", "type": "groups", "price": 41616, "group": 1, "description": "Call small skin particularly despite thus.", "allow_counter_offer": true, "status": "created", "is_paid": false, "estimation_time_seconds": 720, "accepted_time": null, "completion_message": null, "completion_time": null}}, {"model": "tack.tack", "pk": 12, "fields": {"is_active": true, "creation_time": "2022-08-09T12:37:58.156Z", "tacker": 3, "runner": null, "title": "Marriage different have herself minute.", "type": "groups", "price": 19545, "group": 1, "description": "High read light air although.", "allow_counter_offer": true, "status": "created", "is_paid": false, "estimation_time_seconds": 4020, "accepted_time": null, "completion_message": null, "completion_time": null}}, {"model": "tack.tack", "pk": 13, "fields": {"is_active": true, "creation_time": "2022-08-09T12:37:58.157Z", "tacker": 14, "runner": null, "title": "Left this or professor yet structure.", "type": "groups", "price": 1835, "group": 1, "description": "Thousand explain gas.", "allow_counter_offer": false, "status": "created", "is_paid": false, "estimation_time_seconds": 3480, "accepted_time": null, "completion_message": null, "completion_time": null}}, {"model": "tack.tack", "pk": 14, "fields": {"is_active": true, "creation_time": "2022-08-09T12:37:58.158Z", "tacker": 15, "runner": null, "title": "Sort stay firm nor kind research reveal.", "type": "groups", "price": 22690, "group": 1, "description": "Vote address century left home itself.", "allow_counter_offer": true, "status": "created", "is_paid": false, "estimation_time_seconds": 5580, "accepted_time": null, "completion_message": null, "completion_time": null}}, {"model": "tack.tack", "pk": 15, "fields": {"is_active": true, "creation_time": "2022-08-09T12:37:58.159Z", "tacker": 12, "runner": null, "title": "Pattern number personal common.", "type": "groups", "price": 43204, "group": 1, "description": "Eat role above figure significant take.", "allow_counter_offer": true, "status": "created", "is_paid": false, "estimation_time_seconds": 1140, "accepted_time": null, "completion_message": null, "completion_time": null}}, {"model": "tack.tack", "pk": 16, "fields": {"is_active": true, "creation_time": "2022-08-09T12:37:58.161Z", "tacker": 20, "runner": null, "title": "Trial lay event other speech everybody consumer.", "type": "groups", "price": 36542, "group": 1, "description": "Himself once particularly view follow finally.", "allow_counter_offer": false, "status": "created", "is_paid": false, "estimation_time_seconds": 3720, "accepted_time": null, "completion_message": null, "completion_time": null}}, {"model": "tack.tack", "pk": 17, "fields": {"is_active": true, "creation_time": "2022-08-09T12:37:58.162Z", "tacker": 8, "runner": null, "title": "Note without quickly let. Marriage media on decade coach.", "type": "groups", "price": 28457, "group": 1, "description": "Suddenly live draw develop example foreign suffer.", "allow_counter_offer": true, "status": "created", "is_paid": false, "estimation_time_seconds": 3780, "accepted_time": null, "completion_message": null, "completion_time": null}}, {"model": "tack.tack", "pk": 18, "fields": {"is_active": true, "creation_time": "2022-08-09T12:37:58.163Z", "tacker": 1, "runner": null, "title": "Life two and half peace father.", "type": "groups", "price": 43941, "group": 1, "description": "Professional stand long firm enter.", "allow_counter_offer": false, "status": "created", "is_paid": false, "estimation_time_seconds": 3900, "accepted_time": null, "completion_message": null, "completion_time": null}}, {"model": "tack.tack", "pk": 19, "fields": {"is_active": true, "creation_time": "2022-08-09T12:37:58.164Z", "tacker": 5, "runner": null, "title": "Increase walk position.", "type": "groups", "price": 26989, "group": 1, "description": "Sit executive seek experience yet. Month it worry consider.", "allow_counter_offer": true, "status": "created", "is_paid": false, "estimation_time_seconds": 5400, "accepted_time": null, "completion_message": null, "completion_time": null}}, {"model": "tack.tack", "pk": 20, "fields": {"is_active": true, "creation_time": "2022-08-09T12:37:58.165Z", "tacker": 20, "runner": null, "title": "Action he concern member group indeed.", "type": "groups", "price": 36500, "group": 1, "description": "Their else matter enough market food.", "allow_counter_offer": true, "status": "created", "is_paid": false, "estimation_time_seconds": 3600, "accepted_time": null, "completion_message": null, "completion_time": null}}, {"model": "tack.tack", "pk": 21, "fields": {"is_active": true, "creation_time": "2022-08-09T12:37:58.168Z", "tacker": 12, "runner": 6, "title": "Staff note team final window thus.", "type": "groups", "price": 14455, "group": 1, "description": "Television region head share question music.", "allow_counter_offer": true, "status": "in_progress", "is_paid": false, "estimation_time_seconds": 420, "accepted_time": null, "completion_message": null, "completion_time": null}}, {"model": "tack.tack", "pk": 22, "fields": {"is_active": true, "creation_time": "2022-08-09T12:37:58.171Z", "tacker": 8, "runner": 15, "title": "Type almost tough together above out.", "type": "groups", "price": 33307, "group": 1, "description": "Sort charge direction picture so industry.", "allow_counter_offer": false, "status": "in_progress", "is_paid": false, "estimation_time_seconds": 2400, "accepted_time": null, "completion_message": null, "completion_time": null}}, {"model": "tack.tack", "pk": 23, "fields": {"is_active": true, "creation_time": "2022-08-09T12:37:58.174Z", "tacker": 16, "runner": 14, "title": "Baby control wife check look occur.", "type": "groups", "price": 9978, "group": 1, "description": "Cost sister buy structure way prepare.", "allow_counter_offer": false, "status": "in_progress", "is_paid": false, "estimation_time_seconds": 540, "accepted_time": null, "completion_message": null, "completion_time": null}}, {"model": "tack.tack", "pk": 24, "fields": {"is_active": true, "creation_time": "2022-08-09T12:37:58.176Z", "tacker": 5, "runner": 3, "title": "Enter attack debate play water may although late.", "type": "groups", "price": 43150, "group": 1, "description": "Trip number move role important decade next.", "allow_counter_offer": true, "status": "in_progress", "is_paid": false, "estimation_time_seconds": 2700, "accepted_time": null, "completion_message": null, "completion_time": null}}, {"model": "tack.tack", "pk": 25, "fields": {"is_active": true, "creation_time": "2022-08-09T12:37:58.179Z", "tacker": 19, "runner": 9, "title": "Cost heavy real character prove.", "type": "groups", "price": 20653, "group": 1, "description": "Program body draw beat remember establish close.", "allow_counter_offer": false, "status": "in_progress", "is_paid": false, "estimation_time_seconds": 3720, "accepted_time": null, "completion_message": null, "completion_time": null}}, {"model": "tack.tack", "pk": 26, "fields": {"is_active": true, "creation_time": "2022-08-09T12:37:58.182Z", "tacker": 13, "runner": 16, "title": "Foot hotel so some. Let they east however.", "type": "groups", "price": 1906, "group": 1, "description": "Design environment view strong brother.", "allow_counter_offer": true, "status": "in_progress", "is_paid": false, "estimation_time_seconds": 1440, "accepted_time": null, "completion_message": null, "completion_time": null}}, {"model": "tack.tack", "pk": 27, "fields": {"is_active": true, "creation_time": "2022-08-09T12:37:58.184Z", "tacker": 5, "runner": 10, "title": "Feeling most still eight section. Red send movement.", "type": "groups", "price": 38615, "group": 1, "description": "Effort step realize hit. After hotel seem be.", "allow_counter_offer": true, "status": "in_progress", "is_paid": false, "estimation_time_seconds": 4860, "accepted_time": null, "completion_message": null, "completion_time": null}}, {"model": "tack.tack", "pk": 28, "fields": {"is_active": true, "creation_time": "2022-08-09T12:37:58.187Z", "tacker": 1, "runner": 3, "title": "Responsibility choose picture another office.", "type": "groups", "price": 37991, "group": 1, "description": "Specific part would but create candidate make still.", "allow_counter_offer": false, "status": "in_progress", "is_paid": false, "estimation_time_seconds": 720, "accepted_time": null, "completion_message": null, "completion_time": null}}, {"model": "tack.tack", "pk": 29, "fields": {"is_active": true, "creation_time": "2022-08-09T12:37:58.190Z", "tacker": 3, "runner": 11, "title": "High member number significant range.", "type": "groups", "price": 31835, "group": 1, "description": "Decision follow structure onto. Heart find against figure big.", "allow_counter_offer": true, "status": "in_progress", "is_paid": false, "estimation_time_seconds": 480, "accepted_time": null, "completion_message": null, "completion_time": null}}, {"model": "tack.tack", "pk": 30, "fields": {"is_active": true, "creation_time": "2022-08-09T12:37:58.192Z", "tacker": 17, "runner": 18, "title": "Idea join set leg. Miss career break at tend partner.", "type": "groups", "price": 14579, "group": 1, "description": "Before may professor smile up. State or identify middle body.", "allow_counter_offer": true, "status": "in_progress", "is_paid": false, "estimation_time_seconds": 540, "accepted_time": null, "completion_message": null, "completion_time": null}}, {"model": "tack.tack", "pk": 31, "fields": {"is_active": true, "creation_time": "2022-08-09T12:37:58.195Z", "tacker": 1, "runner": 9, "title": "Brother tree Mr best hand. Ball wall development probably.", "type": "groups", "price": 39172, "group": 1, "description": "Should feel kid series avoid dark data carry.", "allow_counter_offer": false, "status": "in_progress", "is_paid": false, "estimation_time_seconds": 1920, "accepted_time": null, "completion_message": null, "completion_time": null}}, {"model": "tack.tack", "pk": 32, "fields": {"is_active": true, "creation_time": "2022-08-09T12:37:58.198Z", "tacker": 7, "runner": 2, "title": "Else campaign relate.", "type": "groups", "price": 29959, "group": 1, "description": "Where upon camera religious.", "allow_counter_offer": false, "status": "in_progress", "is_paid": false, "estimation_time_seconds": 4740, "accepted_time": null, "completion_message": null, "completion_time": null}}, {"model": "tack.tack", "pk": 33, "fields": {"is_active": true, "creation_time": "2022-08-09T12:37:58.201Z", "tacker": 11, "runner": 15, "title": "Make study be reflect true source.", "type": "groups", "price": 8948, "group": 1, "description": "Good together wife course politics ok rise.", "allow_counter_offer": false, "status": "in_progress", "is_paid": false, "estimation_time_seconds": 1500, "accepted_time": null, "completion_message": null, "completion_time": null}}, {"model": "tack.tack", "pk": 34, "fields": {"is_active": true, "creation_time": "2022-08-09T12:37:58.203Z", "tacker": 10, "runner": 19, "title": "White body clear firm forget front cultural.", "type": "groups", "price": 39479, "group": 1, "description": "Else sense yes speech really actually.", "allow_counter_offer": false, "status": "in_progress", "is_paid": false, "estimation_time_seconds": 2040, "accepted_time": null, "completion_message": null, "completion_time": null}}, {"model": "tack.tack", "pk": 35, "fields": {"is_active": true, "creation_time": "2022-08-09T12:37:58.206Z", "tacker": 12, "runner": 7, "title": "Brother language establish could attack brother help.", "type": "groups", "price": 22952, "group": 1, "description": "Artist cultural finish my occur read finally.", "allow_counter_offer": false, "status": "in_progress", "is_paid": false, "estimation_time_seconds": 4740, "accepted_time": null, "completion_message": null, "completion_time": null}}, {"model": "tack.tack", "pk": 36, "fields": {"is_active": true, "creation_time": "2022-08-09T12:37:58.208Z", "tacker": 16, "runner": 2, "title": "If need two brother such day head.", "type": "groups", "price": 47601, "group": 1, "description": "Practice decade today simply ahead.", "allow_counter_offer": false, "status": "in_progress", "is_paid": false, "estimation_time_seconds": 5640, "accepted_time": null, "completion_message": null, "completion_time": null}}, {"model": "tack.tack", "pk": 37, "fields": {"is_active": true, "creation_time": "2022-08-09T12:37:58.211Z", "tacker": 12, "runner": 14, "title": "Evening because picture work speak local for.", "type": "groups", "price": 43886, "group": 1, "description": "National also land stage budget score.", "allow_counter_offer": false, "status": "in_progress", "is_paid": false, "estimation_time_seconds": 3480, "accepted_time": null, "completion_message": null, "completion_time": null}}, {"model": "tack.tack", "pk": 38, "fields": {"is_active": true, "creation_time": "2022-08-09T12:37:58.214Z", "tacker": 5, "runner": 9, "title": "Manager project writer evidence responsibility house glass.", "type": "groups", "price": 45810, "group": 1, "description": "Edge him simply move police. Contain race trade one.", "allow_counter_offer": true, "status": "in_progress", "is_paid": false, "estimation_time_seconds": 3540, "accepted_time": null, "completion_message": null, "completion_time": null}}, {"model": "tack.tack", "pk": 39, "fields": {"is_active": true, "creation_time": "2022-08-09T12:37:58.217Z", "tacker": 9, "runner": 6, "title": "Stage include deal change out nearly a.", "type": "groups", "price": 28277, "group": 1, "description": "Main quite despite speak itself event edge. Lay boy reveal ago.", "allow_counter_offer": true, "status": "in_progress", "is_paid": false, "estimation_time_seconds": 4800, "accepted_time": null, "completion_message": null, "completion_time": null}}, {"model": "tack.tack", "pk": 40, "fields": {"is_active": true, "creation_time": "2022-08-09T12:37:58.220Z", "tacker": 13, "runner": 20, "title": "Voice four instead learn cover. Two white exactly.", "type": "groups", "price": 30744, "group": 1, "description": "Six citizen customer put democratic.", "allow_counter_offer": true, "status": "in_progress", "is_paid": false, "estimation_time_seconds": 3240, "accepted_time": null, "completion_message": null, "completion_time": null}}, {"model": "tack.tack", "pk": 41, "fields": {"is_active": true, "creation_time": "2022-08-09T12:37:58.224Z", "tacker": 20, "runner": 8, "title": "Such city civil east specific lead more interesting.", "type": "groups", "price": 17734, "group": 19, "description": "Anything whose anything security account them contain.", "allow_counter_offer": true, "status": "finished", "is_paid": true, "estimation_time_seconds": 1200, "accepted_time": null, "completion_message": "Some himself appear.", "completion_time": "2022-05-31T00:00:00Z"}}, {"model": "tack.tack", "pk": 42, "fields": {"is_active": true, "creation_time": "2022-08-09T12:37:58.226Z", "tacker": 20, "runner": 9, "title": "Sometimes great Democrat fill.", "type": "groups", "price": 13446, "group": 3, "description": "Put certain establish month type effect.", "allow_counter_offer": false, "status": "finished", "is_paid": true, "estimation_time_seconds": 2700, "accepted_time": null, "completion_message": "Argue knowledge.", "completion_time": "2022-07-24T00:00:00Z"}}, {"model": "tack.tack", "pk": 43, "fields": {"is_active": true, "creation_time": "2022-08-09T12:37:58.228Z", "tacker": 20, "runner": 3, "title": "Imagine war crime which produce leave effect.", "type": "groups", "price": 17596, "group": 5, "description": "Card information travel. Help move star.", "allow_counter_offer": true, "status": "finished", "is_paid": true, "estimation_time_seconds": 1080, "accepted_time": null, "completion_message": "Hold operation west.", "completion_time": "2022-06-16T00:00:00Z"}}, {"model": "tack.tack", "pk": 44, "fields": {"is_active": true, "creation_time": "2022-08-09T12:37:58.229Z", "tacker": 20, "runner": 5, "title": "The mind rock during letter not.", "type": "groups", "price": 49251, "group": 8, "description": "Hard throughout left. Education bar laugh season together and.", "allow_counter_offer": true, "status": "finished", "is_paid": false, "estimation_time_seconds": 1680, "accepted_time": null, "completion_message": "Situation before.", "completion_time": "2022-07-12T00:00:00Z"}}, {"model": "tack.tack", "pk": 45, "fields": {"is_active": true, "creation_time": "2022-08-09T12:37:58.230Z", "tacker": 20, "runner": 5, "title": "Oil candidate sort participant.", "type": "groups", "price": 24202, "group": 16, "description": "Figure end majority set mean real single.", "allow_counter_offer": true, "status": "finished", "is_paid": false, "estimation_time_seconds": 3780, "accepted_time": null, "completion_message": "Fall their though.", "completion_time": "2022-05-09T00:00:00Z"}}, {"model": "tack.tack", "pk": 46, "fields": {"is_active": true, "creation_time": "2022-08-09T12:37:58.231Z", "tacker": 20, "runner": 9, "title": "Work response somebody responsibility sport.", "type": "groups", "price": 48849, "group": 7, "description": "Simply drug nor charge day.", "allow_counter_offer": false, "status": "finished", "is_paid": true, "estimation_time_seconds": 3480, "accepted_time": null, "completion_message": "Both doctor travel.", "completion_time": "2022-06-01T00:00:00Z"}}, {"model": "tack.tack", "pk": 47, "fields": {"is_active": true, "creation_time": "2022-08-09T12:37:58.232Z", "tacker": 20, "runner": 13, "title": "Can audience federal manage sort employee like carry.", "type": "groups", "price": 46489, "group": 2, "description": "Stage four large much. Believe weight green rest.", "allow_counter_offer": false, "status": "finished", "is_paid": true, "estimation_time_seconds": 1980, "accepted_time": null, "completion_message": "Material together.", "completion_time": "2022-06-21T00:00:00Z"}}, {"model": "tack.tack", "pk": 48, "fields": {"is_active": true, "creation_time": "2022-08-09T12:37:58.234Z", "tacker": 20, "runner": 9, "title": "Idea much human church important respond want.", "type": "groups", "price": 5528, "group": 15, "description": "Matter commercial Congress good sign old.", "allow_counter_offer": true, "status": "finished", "is_paid": false, "estimation_time_seconds": 300, "accepted_time": null, "completion_message": "Argue often.", "completion_time": "2022-05-14T00:00:00Z"}}, {"model": "tack.tack", "pk": 49, "fields": {"is_active": true, "creation_time": "2022-08-09T12:37:58.235Z", "tacker": 20, "runner": 10, "title": "Add partner election seven.", "type": "groups", "price": 20834, "group": 1, "description": "Opportunity budget drive practice.", "allow_counter_offer": false, "status": "finished", "is_paid": true, "estimation_time_seconds": 1560, "accepted_time": null, "completion_message": "Mother quality.", "completion_time": "2022-05-01T00:00:00Z"}}, {"model": "tack.tack", "pk": 50, "fields": {"is_active": true, "creation_time": "2022-08-09T12:37:58.236Z", "tacker": 20, "runner": 19, "title": "Arrive figure arm several walk worker.", "type": "groups", "price": 34385, "group": 16, "description": "Also see stuff trade skill play.", "allow_counter_offer": false, "status": "finished", "is_paid": false, "estimation_time_seconds": 4320, "accepted_time": null, "completion_message": "Open reach upon.", "completion_time": "2022-05-20T00:00:00Z"}}, {"model": "tack.tack", "pk": 51, "fields": {"is_active": true, "creation_time": "2022-08-09T12:37:58.237Z", "tacker": 20, "runner": 8, "title": "Final participant scene car.", "type": "groups", "price": 36176, "group": 11, "description": "Strategy southern future through either debate magazine.", "allow_counter_offer": true, "status": "finished", "is_paid": false, "estimation_time_seconds": 1140, "accepted_time": null, "completion_message": "Hold language.", "completion_time": "2022-05-25T00:00:00Z"}}, {"model": "tack.tack", "pk": 52, "fields": {"is_active": true, "creation_time": "2022-08-09T12:37:58.239Z", "tacker": 20, "runner": 19, "title": "Ahead water price half. Quickly trade face writer suffer.", "type": "groups", "price": 30416, "group": 19, "description": "History manager information news gun mention I particular.", "allow_counter_offer": false, "status": "finished", "is_paid": true, "estimation_time_seconds": 2640, "accepted_time": null, "completion_message": "Dark school score.", "completion_time": "2022-07-10T00:00:00Z"}}, {"model": "tack.tack", "pk": 53, "fields": {"is_active": true, "creation_time": "2022-08-09T12:37:58.240Z", "tacker": 20, "runner": 10, "title": "Week individual vote husband yet have concern deep.", "type": "groups", "price": 43593, "group": 6, "description": "Fear yet later eat. Certainly wish difference step maintain.", "allow_counter_offer": true, "status": "finished", "is_paid": false, "estimation_time_seconds": 2100, "accepted_time": null, "completion_message": "Time science join.", "completion_time": "2022-05-02T00:00:00Z"}}, {"model": "tack.tack", "pk": 54, "fields": {"is_active": true, "creation_time": "2022-08-09T12:37:58.241Z", "tacker": 20, "runner": 16, "title": "Sit but security think minute mind.", "type": "groups", "price": 47724, "group": 15, "description": "It long but little share authority opportunity speech.", "allow_counter_offer": false, "status": "finished", "is_paid": false, "estimation_time_seconds": 720, "accepted_time": null, "completion_message": "Ever possible on.", "completion_time": "2022-06-15T00:00:00Z"}}, {"model": "tack.tack", "pk": 55, "fields": {"is_active": true, "creation_time": "2022-08-09T12:37:58.242Z", "tacker": 20, "runner": 1, "title": "Full accept skin what year mean defense beat.", "type": "groups", "price": 25431, "group": 5, "description": "Section again notice morning.", "allow_counter_offer": true, "status": "finished", "is_paid": true, "estimation_time_seconds": 4560, "accepted_time": null, "completion_message": "These sense sister.", "completion_time": "2022-06-11T00:00:00Z"}}, {"model": "tack.tack", "pk": 56, "fields": {"is_active": true, "creation_time": "2022-08-09T12:37:58.243Z", "tacker": 20, "runner": 2, "title": "Building include suffer place myself with.", "type": "groups", "price": 49483, "group": 14, "description": "Evidence human drive man case exist. Industry western put.", "allow_counter_offer": false, "status": "finished", "is_paid": false, "estimation_time_seconds": 5520, "accepted_time": null, "completion_message": "Finally wind term.", "completion_time": "2022-07-27T00:00:00Z"}}, {"model": "tack.tack", "pk": 57, "fields": {"is_active": true, "creation_time": "2022-08-09T12:37:58.245Z", "tacker": 20, "runner": 18, "title": "Can exist individual television feel spring even.", "type": "groups", "price": 49841, "group": 2, "description": "Enter bed certainly final writer believe.", "allow_counter_offer": false, "status": "finished", "is_paid": false, "estimation_time_seconds": 5700, "accepted_time": null, "completion_message": "Future herself.", "completion_time": "2022-05-03T00:00:00Z"}}, {"model": "tack.tack", "pk": 58, "fields": {"is_active": true, "creation_time": "2022-08-09T12:37:58.246Z", "tacker": 20, "runner": 17, "title": "Else class shake foreign kid can.", "type": "groups", "price": 25846, "group": 9, "description": "Rest collection need. The culture soon next while property.", "allow_counter_offer": false, "status": "finished", "is_paid": false, "estimation_time_seconds": 5040, "accepted_time": null, "completion_message": "Young true despite.", "completion_time": "2022-07-09T00:00:00Z"}}, {"model": "tack.tack", "pk": 59, "fields": {"is_active": true, "creation_time": "2022-08-09T12:37:58.247Z", "tacker": 20, "runner": 7, "title": "There individual television professional end.", "type": "groups", "price": 28538, "group": 5, "description": "Explain actually suffer goal hundred civil hair.", "allow_counter_offer": false, "status": "finished", "is_paid": true, "estimation_time_seconds": 2220, "accepted_time": null, "completion_message": "Late far century.", "completion_time": "2022-06-01T00:00:00Z"}}, {"model": "tack.tack", "pk": 60, "fields": {"is_active": true, "creation_time": "2022-08-09T12:37:58.248Z", "tacker": 20, "runner": 15, "title": "Field western out. Paper others third season.", "type": "groups", "price": 28889, "group": 16, "description": "Development whether sign.", "allow_counter_offer": true, "status": "finished", "is_paid": true, "estimation_time_seconds": 3840, "accepted_time": null, "completion_message": "Nothing president.", "completion_time": "2022-07-20T00:00:00Z"}}, {"model": "group.group", "pk": 1, "fields": {"is_active": true, "creation_time": "2022-08-09T12:37:43.961Z", "owner": 1, "name": "Contreras PLC", "description": "Together more pretty. Improve miss speak door here office foreign. Early perform wind live bill east police. Eye research scientist.\nIndustry but make. Rock special type perhaps special together very produce.", "image": "", "is_public": true, "invitation_link": "0516672f-4013-417d-9efd-91510684f2b7"}}, {"model": "group.group", "pk": 2, "fields": {"is_active": true, "creation_time": "2022-08-09T12:37:44.671Z", "owner": 2, "name": "Boyle, Sweeney and Osborne", "description": "Financial poor eight doctor yard top. Western space present president behavior six sign. By close social indicate response occur significant.\nShare might first court.", "image": "", "is_public": true, "invitation_link": "5507e947-4a18-4bf6-9266-b8a94a0acaf6"}}, {"model": "group.group", "pk": 3, "fields": {"is_active": true, "creation_time": "2022-08-09T12:37:45.389Z", "owner": 3, "name": "Smith-Clark", "description": "State their fact keep bad attention him.\nBuild man ever maintain wish rule. Dream how always girl small. Charge evening economic national.", "image": "", "is_public": true, "invitation_link": "05ab1375-825e-4c7f-b664-0a1aed228908"}}, {"model": "group.group", "pk": 4, "fields": {"is_active": true, "creation_time": "2022-08-09T12:37:46.039Z", "owner": 4, "name": "Jones Group", "description": "Like early response quickly. Form stand risk often.\nSchool example though science rate later. Important party from break thought conference sort.\nYour effort capital administration. Child term center television poor Mrs charge possible.", "image": "", "is_public": true, "invitation_link": "23b6812f-c800-40a9-bec6-7f2b6dd46cdf"}}, {"model": "group.group", "pk": 5, "fields": {"is_active": true, "creation_time": "2022-08-09T12:37:46.720Z", "owner": 5, "name": "Webb PLC", "description": "Food ago successful toward specific realize. Board I candidate mother each two middle. Physical idea skill knowledge.", "image": "", "is_public": false, "invitation_link": "daef9f63-65f6-46ba-92e4-4fdb872379d8"}}, {"model": "group.group", "pk": 6, "fields": {"is_active": true, "creation_time": "2022-08-09T12:37:47.642Z", "owner": 6, "name": "Greer, Peterson and Carter", "description": "Bar must five add Mrs daughter campaign morning.\nTwo fall white money left then evening. Ask season from along soldier consider.\nArea any sport decide. Industry evening phone once free table building. Issue senior discover leave century.", "image": "", "is_public": true, "invitation_link": "770218b1-8d9d-4d25-8652-94e7bef3d58f"}}, {"model": "group.group", "pk": 7, "fields": {"is_active": true, "creation_time": "2022-08-09T12:37:48.358Z", "owner": 7, "name": "Carter Ltd", "description": "Walk everyone second agency name. Myself long check say father however.\nLikely treat some. Capital size party state piece always. Again agree forget arrive through check eat up.", "image": "", "is_public": true, "invitation_link": "3e627221-4427-4f44-8e9e-9394b9d50702"}}, {"model": "group.group", "pk": 8, "fields": {"is_active": true, "creation_time": "2022-08-09T12:37:49.076Z", "owner": 8, "name": "Werner-Boyd", "description": "Dark general indeed statement question ask create. Beyond their century west.\nAway parent loss she. Be learn possible beat.\nHear close system truth we force inside. Third ago contain nation foreign support. About price particularly participant.", "image": "", "is_public": false, "invitation_link": "13fb815f-181c-4e22-966f-05dbfb326fa0"}}, {"model": "group.group", "pk": 9, "fields": {"is_active": true, "creation_time": "2022-08-09T12:37:49.790Z", "owner": 9, "name": "Campbell-Anderson", "description": "More hope police mother fast. College nature enjoy.\nRadio safe film answer view position administration then. Plant nor save investment.\nThus itself Mrs majority ready like series. Care tend stop record score.", "image": "", "is_public": true, "invitation_link": "d9a11526-8f66-4f8a-82a0-0e363dc83e6b"}}, {"model": "group.group", "pk": 10, "fields": {"is_active": true, "creation_time": "2022-08-09T12:37:50.509Z", "owner": 10, "name": "Rose Inc", "description": "Determine thank report may. Charge police above most.\nClear employee run especially official PM. Work across stop mission nor media compare. Town call others across plan on agency hundred.\nOld we sure.", "image": "", "is_public": true, "invitation_link": "9caba949-fef6-4637-9fbc-a91854d0106c"}}, {"model": "group.group", "pk": 11, "fields": {"is_active": true, "creation_time": "2022-08-09T12:37:51.135Z", "owner": 11, "name": "Harmon-Estes", "description": "Let manager would work week public. Clearly always attention live Congress toward.\nTonight they where less performance experience. Account bad record happen record thank year. Show hold blood me conference government science.", "image": "", "is_public": false, "invitation_link": "40cf7bc5-8f4f-40f6-a1d4-607b904259c2"}}, {"model": "group.group", "pk": 12, "fields": {"is_active": true, "creation_time": "2022-08-09T12:37:51.796Z", "owner": 12, "name": "Tanner Group", "description": "Activity area age wide close. Group air television. Art join several result every blue. Congress matter our for tough.", "image": "", "is_public": false, "invitation_link": "9e4b0325-4502-4edd-9401-256949cc7592"}}, {"model": "group.group", "pk": 13, "fields": {"is_active": true, "creation_time": "2022-08-09T12:37:52.557Z", "owner": 13, "name": "Cabrera, Nichols and Ballard", "description": "Reduce actually second you population. Likely since decade available argue skin. Year tend employee rule notice not. Region guy simple.\nBetter type pass. Young special class.", "image": "", "is_public": false, "invitation_link": "57efff55-9223-41fb-bddf-16ab962bfdaf"}}, {"model": "group.group", "pk": 14, "fields": {"is_active": true, "creation_time": "2022-08-09T12:37:53.274Z", "owner": 14, "name": "Johnson, Wright and Chaney", "description": "Under none hundred discover chair marriage. Type say management center along or. Dark hear realize easy about point anyone amount.\nPage information loss weight treat. Eye give necessary certain. Lay type how star system.", "image": "", "is_public": true, "invitation_link": "9868bc0c-4f6e-4bd4-b7fd-b7a94e800b7f"}}, {"model": "group.group", "pk": 15, "fields": {"is_active": true, "creation_time": "2022-08-09T12:37:53.990Z", "owner": 15, "name": "Smith, Warren and Manning", "description": "General seek person. Film care every energy military. Husband for yet mother third bad.\nAgo thing left note next. Say option listen wife good.", "image": "", "is_public": false, "invitation_link": "c580f8a4-a6e9-4930-be1b-acd800b3bcf2"}}, {"model": "group.group", "pk": 16, "fields": {"is_active": true, "creation_time": "2022-08-09T12:37:55.012Z", "owner": 16, "name": "Peters, Alvarado and Long", "description": "Anything play girl marriage. Outside program late certain ground.\nVoice religious true cut among traditional. Two though direction avoid. Write sure common pressure our three.", "image": "", "is_public": true, "invitation_link": "0cb95f2b-e02d-409b-a834-66a67142d2ab"}}, {"model": "group.group", "pk": 17, "fields": {"is_active": true, "creation_time": "2022-08-09T12:37:55.675Z", "owner": 17, "name": "Williams LLC", "description": "Risk sort between as improve.\nAdd shoulder too. Provide fill everybody per power sign.\nSide pattern report market responsibility certain decide. Phone his effect center create free.", "image": "", "is_public": true, "invitation_link": "b0f5d44d-dc70-4c33-9646-6dcd606abf56"}}, {"model": "group.group", "pk": 18, "fields": {"is_active": true, "creation_time": "2022-08-09T12:37:56.448Z", "owner": 18, "name": "Burgess Group", "description": "Notice purpose mean wife goal state. Dream population would forward issue girl. Late drive lawyer yet tree success. Give include system step.\nBillion run huge television front. Some company remember red. Foreign Mrs discover office.", "image": "", "is_public": false, "invitation_link": "c7cbc0ad-20cd-4a9d-8e01-d5b6f50ff45b"}}, {"model": "group.group", "pk": 19, "fields": {"is_active": true, "creation_time": "2022-08-09T12:37:57.229Z", "owner": 19, "name": "Hendrix LLC", "description": "Much only would. Ten upon despite wonder card. Control program material machine piece.\nSome director wall seek magazine brother. Environment industry particular economy.", "image": "", "is_public": false, "invitation_link": "cfac4b0a-bacf-4d93-80a7-b9dec23a7d87"}}, {"model": "group.group", "pk": 20, "fields": {"is_active": true, "creation_time": "2022-08-09T12:37:57.984Z", "owner": 1, "name": "Edwards, Gomez and Long", "description": "Collection role wonder Mrs hundred hand more. Democrat employee contain really western administration.\nFund read direction yourself exist. Popular smile once mission black control learn. Measure interview local trouble rise compare.", "image": "", "is_public": true, "invitation_link": "8806b644-d759-4804-bd4d-c4a570684169"}}, {"model": "group.groupmembers", "pk": 1, "fields": {"group": 1, "member": 1}}, {"model": "group.groupmembers", "pk": 2, "fields": {"group": 2, "member": 2}}, {"model": "group.groupmembers", "pk": 3, "fields": {"group": 3, "member": 3}}, {"model": "group.groupmembers", "pk": 4, "fields": {"group": 4, "member": 4}}, {"model": "group.groupmembers", "pk": 5, "fields": {"group": 5, "member": 5}}, {"model": "group.groupmembers", "pk": 6, "fields": {"group": 6, "member": 6}}, {"model": "group.groupmembers", "pk": 7, "fields": {"group": 7, "member": 7}}, {"model": "group.groupmembers", "pk": 8, "fields": {"group": 8, "member": 8}}, {"model": "group.groupmembers", "pk": 9, "fields": {"group": 9, "member": 9}}, {"model": "group.groupmembers", "pk": 10, "fields": {"group": 10, "member": 10}}, {"model": "group.groupmembers", "pk": 11, "fields": {"group": 11, "member": 11}}, {"model": "group.groupmembers", "pk": 12, "fields": {"group": 12, "member": 12}}, {"model": "group.groupmembers", "pk": 13, "fields": {"group": 13, "member": 13}}, {"model": "group.groupmembers", "pk": 14, "fields": {"group": 14, "member": 14}}, {"model": "group.groupmembers", "pk": 15, "fields": {"group": 15, "member": 15}}, {"model": "group.groupmembers", "pk": 16, "fields": {"group": 16, "member": 16}}, {"model": "group.groupmembers", "pk": 17, "fields": {"group": 17, "member": 17}}, {"model": "group.groupmembers", "pk": 18, "fields": {"group": 18, "member": 18}}, {"model": "group.groupmembers", "pk": 19, "fields": {"group": 19, "member": 19}}, {"model": "group.groupmembers", "pk": 20, "fields": {"group": 20, "member": 20}}, {"model": "group.groupmembers", "pk": 21, "fields": {"group": 1, "member": 2}}, {"model": "group.groupmembers", "pk": 22, "fields": {"group": 1, "member": 3}}, {"model": "group.groupmembers", "pk": 23, "fields": {"group": 1, "member": 4}}, {"model": "group.groupmembers", "pk": 24, "fields": {"group": 1, "member": 5}}, {"model": "group.groupmembers", "pk": 25, "fields": {"group": 1, "member": 6}}, {"model": "group.groupmembers", "pk": 26, "fields": {"group": 1, "member": 7}}, {"model": "group.groupmembers", "pk": 27, "fields": {"group": 1, "member": 8}}, {"model": "group.groupmembers", "pk": 28, "fields": {"group": 1, "member": 9}}, {"model": "group.groupmembers", "pk": 29, "fields": {"group": 1, "member": 10}}, {"model": "group.groupmembers", "pk": 30, "fields": {"group": 1, "member": 11}}, {"model": "group.groupmembers", "pk": 31, "fields": {"group": 1, "member": 12}}, {"model": "group.groupmembers", "pk": 32, "fields": {"group": 1, "member": 13}}, {"model": "group.groupmembers", "pk": 33, "fields": {"group": 1, "member": 14}}, {"model": "group.groupmembers", "pk": 34, "fields": {"group": 1, "member": 15}}, {"model": "group.groupmembers", "pk": 35, "fields": {"group": 1, "member": 16}}, {"model": "group.groupmembers", "pk": 36, "fields": {"group": 1, "member": 17}}, {"model": "group.groupmembers", "pk": 37, "fields": {"group": 1, "member": 18}}, {"model": "group.groupmembers", "pk": 38, "fields": {"group": 1, "member": 19}}, {"model": "group.groupmembers", "pk": 39, "fields": {"group": 1, "member": 20}}, {"model": "group.groupinvitations", "pk": 1, "fields": {"is_active": true, "creation_time": "2022-08-09T12:37:58.016Z", "invitee": 20, "group": 1}}, {"model": "group.groupinvitations", "pk": 2, "fields": {"is_active": true, "creation_time": "2022-08-09T12:37:58.022Z", "invitee": 20, "group": 2}}, {"model": "group.groupinvitations", "pk": 3, "fields": {"is_active": true, "creation_time": "2022-08-09T12:37:58.024Z", "invitee": 20, "group": 3}}, {"model": "group.groupinvitations", "pk": 4, "fields": {"is_active": true, "creation_time": "2022-08-09T12:37:58.027Z", "invitee": 20, "group": 4}}, {"model": "group.groupinvitations", "pk": 5, "fields": {"is_active": true, "creation_time": "2022-08-09T12:37:58.030Z", "invitee": 20, "group": 5}}, {"model": "group.groupinvitations", "pk": 6, "fields": {"is_active": true, "creation_time": "2022-08-09T12:37:58.033Z", "invitee": 20, "group": 6}}, {"model": "group.groupinvitations", "pk": 7, "fields": {"is_active": true, "creation_time": "2022-08-09T12:37:58.036Z", "invitee": 20, "group": 7}}, {"model": "group.groupinvitations", "pk": 8, "fields": {"is_active": true, "creation_time": "2022-08-09T12:37:58.038Z", "invitee": 20, "group": 8}}, {"model": "group.groupinvitations", "pk": 9, "fields": {"is_active": true, "creation_time": "2022-08-09T12:37:58.041Z", "invitee": 20, "group": 9}}, {"model": "group.groupinvitations", "pk": 10, "fields": {"is_active": true, "creation_time": "2022-08-09T12:37:58.043Z", "invitee": 20, "group": 10}}, {"model": "group.groupinvitations", "pk": 11, "fields": {"is_active": true, "creation_time": "2022-08-09T12:37:58.045Z", "invitee": 20, "group": 11}}, {"model": "group.groupinvitations", "pk": 12, "fields": {"is_active": true, "creation_time": "2022-08-09T12:37:58.048Z", "invitee": 20, "group": 12}}, {"model": "group.groupinvitations", "pk": 13, "fields": {"is_active": true, "creation_time": "2022-08-09T12:37:58.051Z", "invitee": 20, "group": 13}}, {"model": "group.groupinvitations", "pk": 14, "fields": {"is_active": true, "creation_time": "2022-08-09T12:37:58.053Z", "invitee": 20, "group": 14}}, {"model": "group.groupinvitations", "pk": 15, "fields": {"is_active": true, "creation_time": "2022-08-09T12:37:58.056Z", "invitee": 20, "group": 15}}, {"model": "group.groupinvitations", "pk": 16, "fields": {"is_active": true, "creation_time": "2022-08-09T12:37:58.059Z", "invitee": 20, "group": 16}}, {"model": "group.groupinvitations", "pk": 17, "fields": {"is_active": true, "creation_time": "2022-08-09T12:37:58.061Z", "invitee": 20, "group": 17}}, {"model": "group.groupinvitations", "pk": 18, "fields": {"is_active": true, "creation_time": "2022-08-09T12:37:58.064Z", "invitee": 20, "group": 18}}, {"model": "group.groupinvitations", "pk": 19, "fields": {"is_active": true, "creation_time": "2022-08-09T12:37:58.066Z", "invitee": 20, "group": 19}}, {"model": "group.groupinvitations", "pk": 20, "fields": {"is_active": true, "creation_time": "2022-08-09T12:37:58.069Z", "invitee": 20, "group": 20}}, {"model": "payment.bankaccount", "pk": 1, "fields": {"user": 1, "usd_balance": 0, "stripe_user": "cus_MDIHlvuyZDEXAh"}}, {"model": "payment.bankaccount", "pk": 2, "fields": {"user": 2, "usd_balance": 0, "stripe_user": "cus_MDIHJJJPdQf5sr"}}, {"model": "payment.bankaccount", "pk": 3, "fields": {"user": 3, "usd_balance": 0, "stripe_user": "cus_MDIHjdVegIoVd0"}}, {"model": "payment.bankaccount", "pk": 4, "fields": {"user": 4, "usd_balance": 0, "stripe_user": "cus_MDIHzQC48dcCR0"}}, {"model": "payment.bankaccount", "pk": 5, "fields": {"user": 5, "usd_balance": 0, "stripe_user": "cus_MDIHLZBHsN84CZ"}}, {"model": "payment.bankaccount", "pk": 6, "fields": {"user": 6, "usd_balance": 0, "stripe_user": "cus_MDIHNNNnAl3WmH"}}, {"model": "payment.bankaccount", "pk": 7, "fields": {"user": 7, "usd_balance": 0, "stripe_user": "cus_MDIHA0d4SA26Pi"}}, {"model": "payment.bankaccount", "pk": 8, "fields": {"user": 8, "usd_balance": 0, "stripe_user": "cus_MDIHwjseFvhb5i"}}, {"model": "payment.bankaccount", "pk": 9, "fields": {"user": 9, "usd_balance": 0, "stripe_user": "cus_MDIH4FDdNZ2o0X"}}, {"model": "payment.bankaccount", "pk": 10, "fields": {"user": 10, "usd_balance": 0, "stripe_user": "cus_MDIHVjLK7nPEln"}}, {"model": "payment.bankaccount", "pk": 11, "fields": {"user": 11, "usd_balance": 0, "stripe_user": "cus_MDIHNmpUrdsVZr"}}, {"model": "payment.bankaccount", "pk": 12, "fields": {"user": 12, "usd_balance": 0, "stripe_user": "cus_MDIHwqFWUt9pvN"}}, {"model": "payment.bankaccount", "pk": 13, "fields": {"user": 13, "usd_balance": 0, "stripe_user": "cus_MDIHrycDrw6g6Y"}}, {"model": "payment.bankaccount", "pk": 14, "fields": {"user": 14, "usd_balance": 0, "stripe_user": "cus_MDIHKXqwHo2wop"}}, {"model": "payment.bankaccount", "pk": 15, "fields": {"user": 15, "usd_balance": 0, "stripe_user": "cus_MDIHyURd8T8533"}}, {"model": "payment.bankaccount", "pk": 16, "fields": {"user": 16, "usd_balance": 0, "stripe_user": "cus_MDIHzu5lHMJyED"}}, {"model": "payment.bankaccount", "pk": 17, "fields": {"user": 17, "usd_balance": 0, "stripe_user": "cus_MDIHvLtdBSnCsI"}}, {"model": "payment.bankaccount", "pk": 18, "fields": {"user": 18, "usd_balance": 0, "stripe_user": "cus_MDIHyfCW3mtrC0"}}, {"model": "payment.bankaccount", "pk": 19, "fields": {"user": 19, "usd_balance": 0, "stripe_user": "cus_MDIHkhrBUqKRhC"}}, {"model": "payment.bankaccount", "pk": 20, "fields": {"user": 20, "usd_balance": 0, "stripe_user": "cus_MDIH5tgzOLihmj"}}, {"model": "payment.bankaccount", "pk": 21, "fields": {"user": 21, "usd_balance": 0, "stripe_user": "cus_MDIJulWaVsSfPt"}}]